x,y,z,ux,uy,uz
1.37596189,8.00884184,5.95836597,-0.00412420183,0.0035065189,1.0064894
7.35838886,5.3954678,4.67583033,0.0322510526,0.00542186573,1.00770485
3.9512666,4.28794634,4.8264995,-0.0956673175,-0.064724654,1.00862312
7.118057,4.72056441,4.4791208,0.0417431593,-0.00557276979,1.00407434
6.5625463,8.62130252,5.68657154,0.00336755812,0.00761433877,1.0078969
3.13047727,5.40567043,3.08568728,-0.0228496864,0.00488787889,0.984518647
2.34691659,3.53002877,8.16109283,-0.000217560679,-0.000272713602,1.00764453
5.46955907,1.58173472,6.3016782,0.001197882,-0.00782940909,1.01100957
2.9702374,2.35093551,7.20621305,-0.00244540721,-0.00309455022,1.01083696
1.50571247,7.03292982,3.14837954,-0.00741070881,0.00426605344,1.00045931
8.26153892,2.53347434,7.58228822,0.00261581689,-0.00158859789,1.0083549
4.534764,4.8681839,8.46789589,0.0158170816,0.00496787392,0.732442558
6.33859088,7.86912009,3.22991025,0.00579545274,0.012283314,0.998080969
8.90853277,7.78633116,8.90377888,0.00105249509,0.000966569409,1.00704384
5.29806453,2.91147452,4.68325016,0.00624453276,-0.0423855372,1.00860488
7.0980567,1.75253946,6.3073155,0.00383210927,-0.00547673181,1.00915813
2.89825037,1.22144691,4.46968555,-0.00410687551,-0.00736770034,1.00399029
8.08716863,5.63802024,6.93942949,0.00520365313,0.00115953386,1.01179111
6.87406398,3.91594002,5.09817398,0.0312047303,-0.0179789178,1.01739085
7.69578347,7.37166559,6.88841704,0.00411072746,0.00357301906,1.01025784
8.86905914,8.70896315,5.93748895,0.00303631648,0.00302448869,1.00560319
8.15600835,6.42553784,6.4380885,0.00672921166,0.00316045433,1.01088357
4.21639156,5.57297231,3.96479839,-0.0844673663,0.0619739257,0.919390082
8.72352252,3.53569863,6.92839583,0.00444808602,-0.00163161755,1.00882232
4.86564004,8.62436029,4.51952392,-0.000556450337,0.012618646,1.00462151
3.9458537,1.15205306,5.93053371,-0.00200390816,-0.00725472718,1.00819576
5.45840094,4.00241976,4.03915177,0.0434716754,-0.0943038017,0.938617587
4.32887213,1.15687707,5.70469082,-0.00137214363,-0.00837903097,1.00811386
1.59415731,4.4727617,4.75539983,-0.0139095634,-0.00217122771,1.00577366
4.11191925,5.17313917,7.42173405,0.0372398198,-0.00705056265,0.764279425
2.55021776,6.29225587,7.63893085,-0.000690992922,0.000258173794,1.00857842
1.80681332,7.29709479,5.10725494,-0.00797046721,0.00584083609,1.00631893
2.61655593,4.47741927,8.77187602,0.00484853238,0.000817643479,0.991917133
6.96945212,4.82702503,5.88590835,0.0161138177,-0.00148244575,1.02025843
6.03235287,2.99174977,8.82887628,-0.00314423814,0.00638147071,0.983459234
8.04103467,3.67852156,5.57902859,0.011478696,-0.00481141731,1.01015043
4.0460136,6.77362558,7.42389696,0.00375349075,-0.00768562779,0.985893965
4.17205315,4.49413108,7.2464504,0.0352751091,0.0214609299,0.778270602
6.31657031,6.46997734,3.33929214,0.0187907852,0.0207356736,0.985864639
4.68565473,1.95154575,6.86658479,-0.000507805496,-0.00559302792,1.01241505
5.89148862,8.14856073,5.35170853,0.00376491994,0.0132910982,1.00964332
4.05367957,6.49269383,5.20299812,-0.0258714519,0.0405912548,1.02535725
2.96255165,7.90308853,5.40588501,-0.00655111298,0.00939116627,1.00866699
2.67865362,5.52977317,6.73810008,-0.00368214026,0.00060534291,1.01199996
8.2742345,4.46518984,6.88282636,0.00546658039,-0.000769130886,1.01133502
5.23242289,3.19776702,4.57533717,0.00792723522,-0.0592908598,1.00504088
4.82106259,4.71216145,8.99698643,0.00498249382,0.00847904757,0.747102976
2.14349619,6.42090793,5.33331394,-0.0130444579,0.0065271277,1.00981355
5.67337668,3.66701253,7.39307799,-0.0109833814,0.0216332078,0.917435765
8.35597623,7.15157719,8.73324464,0.000976577401,0.000781867653,1.0077374
1.55437756,2.90658826,3.44527566,-0.00773915276,-0.00477016717,1.00094759
6.34111976,1.29386388,4.27640932,0.00360766798,-0.00977379084,1.00353122
1.9870362,4.70831066,3.0314411,-0.013265986,-0.00129634142,0.996704698
7.12488756,7.51289216,3.34493526,0.00853816792,0.0101034176,0.998938501
5.96674522,2.56151386,6.11088259,0.0045328401,-0.0111651011,1.01667595
6.75373269,3.40737655,6.77843778,0.00250090286,-0.00215825811,1.011953
7.79277276,7.10896743,4.74850094,0.0110975988,0.00843369216,1.00584126
4.93345594,2.18683445,7.87473399,3.64817679e-05,-0.000228296965,1.00783682
5.88224799,5.54009881,3.96516548,0.0855762959,0.0516603626,0.929902196
8.44809341,8.95353886,7.33118041,0.00183369964,0.00218280777,1.00660002
1.75493773,3.75508007,4.92850119,-0.0126172788,-0.00489073619,1.00652111
4.64730459,2.53537386,6.20667353,-0.00154805928,-0.011211846,1.01679969
8.93414649,6.92011815,4.6890502,0.00754215568,0.00370062701,1.00449967
3.54885395,8.95020248,7.02076616,-0.00142555311,0.00379785337,1.00842047
4.39150544,8.75960508,4.29814577,-0.00183885172,0.011119457,1.0036428
1.98940787,3.49615222,6.6783355,-0.00553888828,-0.00283616781,1.01121509
5.2778629,8.5080658,5.94945391,0.00060673058,0.00917951763,1.01025271
8.48477574,6.30969108,7.29287644,0.00375609472,0.00143397972,1.00952268
3.37003526,3.14885168,7.35495603,0.000362820923,0.000272778794,1.00647855
4.74781412,4.69784525,5.42889046,0.0430572219,0.049632173,0.0966913849
7.24973585,4.96631985,5.89533244,0.0167091452,-0.000192843378,1.02014697
7.86842704,5.05596755,4.08765169,0.0209909603,0.000411503017,1.00124705
7.46361178,8.20073846,3.3723148,0.00557138771,0.00727108866,1.00099897
1.80679387,5.49720863,4.89708091,-0.0158403032,0.00235374086,1.00709283
4.55749636,2.09311604,3.29427482,-0.00236550346,-0.0153962076,0.997109711
2.48590498,5.02296889,7.26715327,-0.00075262785,-0.000221269205,1.00823236
1.26542596,1.98982366,4.15178672,-0.00505136326,-0.00428757817,1.00312483
1.45060019,5.34780064,3.44785066,-0.0116521083,0.00114924461,1.00006354
4.65969951,1.3701469,5.19322897,-0.00103507191,-0.0113803111,1.00735438
7.59698952,2.10809938,4.54877403,0.00736564025,-0.00792572275,1.00448787
4.06216003,4.98471547,4.7233975,-0.192356944,-0.00298813172,0.940825045
1.96506999,4.33393029,7.43048286,-0.00279022008,-0.000737518072,1.01044679
8.92888401,7.10831995,8.59296968,0.00143063068,0.000966887921,1.00748694
4.09179283,2.80660952,3.17314869,-0.00767002255,-0.0184518285,0.991583705
1.97257991,5.97045494,8.13626994,-0.000992618501,0.000319443643,1.00859284
7.13013146,4.01338604,5.65978539,0.0190083683,-0.00873169675,1.01952469
1.83831734,8.74125305,8.99938553,-0.000666003674,0.000882156193,1.00693846
2.82260538,2.25416017,3.64314174,-0.00784540549,-0.00976897404,1.00053644
8.62347613,8.75488453,7.70149428,0.00166509673,0.00184417702,1.00667989
3.01257711,6.89467525,5.40354407,-0.0139049925,0.0132608786,1.01354527
8.9133924,7.18447809,3.58949366,0.00655171648,0.00377008691,1.00190556
7.06934852,8.62028418,4.69835373,0.00456793979,0.00797497109,1.00473666
8.31792892,8.94730799,4.16873751,0.00356362388,0.0044780504,1.00324535
6.37539949,2.38495822,5.54470627,0.00739841908,-0.013685599,1.01249397
4.01087892,4.88810331,6.81025682,0.0504600555,0.00549164042,0.776762664
1.25462872,4.90961634,6.3922068,-0.00679030642,-0.000271685421,1.00962365
1.29757767,8.75046437,8.58840487,-0.000948298723,0.00113410503,1.00657821
2.72077884,1.44506924,3.89723554,-0.00460407883,-0.00726516917,1.00241792
7.26907356,8.15167075,3.24437304,0.00560607389,0.0077906698,1.00044179
3.52603168,3.57199778,3.13823332,-0.0164900571,-0.0160511546,0.986758649
6.16182304,6.898112,7.43168906,-0.00150587782,-0.00362217613,0.99815923
7.46594047,1.19954564,8.05522025,0.00139336661,-0.00159438327,1.00755179
2.48234781,2.38706072,4.35336249,-0.00862754881,-0.00914066657,1.00374794
2.28703555,7.2459496,8.44180658,-0.00090431422,0.000748347491,1.00842154
5.62034877,6.77851797,8.87811829,-0.00402767584,-0.0113271363,0.953808665
1.0915746,1.5007884,4.60473121,-0.00395366177,-0.00362276286,1.00378358
1.99181826,2.24890909,7.06429835,-0.00302256271,-0.00272909552,1.00863373
6.19340912,6.22536297,6.80090186,-0.00926887989,-0.0103188455,0.970902443
8.227413,1.8437156,7.10296249,0.00288288668,-0.00237999111,1.00766873
1.32832439,1.12403305,6.28800395,-0.00264343619,-0.00281569734,1.00584102
2.21035796,2.0271027,7.17417419,-0.00263962895,-0.00278141722,1.00871325
4.78950275,4.27109039,3.80365745,-0.0241118222,-0.083429724,0.893818796
6.26421156,1.51692947,5.78949969,0.0032909289,-0.00856361911,1.00890994
8.34794077,7.68974034,3.62486018,0.00658535957,0.00521277264,1.0018959
5.69966013,8.09421628,6.85314731,0.00113375485,0.00535770506,1.01208603
6.92689167,6.56304155,4.68154879,0.0234836116,0.01901328,1.00754774
5.23248486,2.50091458,5.20395759,0.00246088579,-0.0250695236,1.01411128
6.78916739,1.61396869,7.81846908,0.00138948485,-0.0020170249,1.00910223
8.59719893,6.40134126,8.39673958,0.00155220553,0.000629153103,1.00822794
6.98932162,8.33480454,3.31085921,0.00484398752,0.00834840164,1.00059533
4.88727982,1.19388017,6.66157327,-7.02440739e-05,-0.00564454868,1.00963759
8.6932551,7.23275769,8.95679979,0.000846467912,0.000756401569,1.0074389
5.96824915,3.79807561,5.16067399,0.0379738212,-0.0468092449,1.02636814
1.20724508,5.75131907,7.40711934,-0.00333930925,0.000660745427,1.00907433
6.09348946,2.333346,7.24641588,0.00138793141,-0.00284334086,1.01159716
3.0052822,2.3913513,7.97134548,-0.000881291926,-0.00120736659,1.00915909
1.71920918,6.05665118,8.3793223,-0.000961720943,0.000372530892,1.0083735
6.98502791,1.22998889,5.22681907,0.00403508916,-0.00705045834,1.00610411
5.33353101,2.99395718,8.57626525,-0.00169561431,0.00994917937,0.970536172
2.82262849,1.21999026,7.37715482,-0.00162243098,-0.00273603946,1.00804961
5.20450329,8.71049839,4.30198175,0.000629495829,0.0120029375,1.003654
7.2187867,2.55402491,3.00437971,0.00778802112,-0.00847339258,0.998148382
7.20967184,2.90959385,4.41820353,0.0138575062,-0.0130096637,1.00410461
8.45331757,2.45930039,3.6325325,0.00681203976,-0.00489566289,1.00182676
7.23406103,6.31849768,7.55420893,0.00024015829,-0.000232666731,1.00690985
2.64162439,6.04521065,3.72078199,-0.0211308822,0.00933763757,0.996394455
6.61256685,2.16608547,7.37199416,0.00179513916,-0.00272312388,1.01088715
4.46244408,2.98097997,5.18246834,-0.00936780125,-0.0354886912,1.01924121
8.46653346,1.45302942,4.78765949,0.00436417386,-0.00415752828,1.0043
2.3537741,8.67695848,5.47128065,-0.0038311854,0.00534567237,1.00604284
4.55073626,8.5992616,5.61255693,-0.00137910619,0.0100434683,1.00886452
6.19221521,6.10819219,6.04451494,2.87517905e-05,-0.000703888014,0.99559623
6.78562617,3.28310006,6.67808531,0.00390232727,-0.00358490646,1.01393425
6.48140673,2.80833888,4.77640717,0.0141971111,-0.0210933462,1.00836051
1.13952822,2.67217261,7.93420203,-0.00180519,-0.00127177313,1.00763845
5.48567241,8.29472645,3.81657188,0.00202180445,0.0143303387,1.00097513
2.2199557,3.27180996,5.47386133,-0.0110551454,-0.00696458668,1.00973284
6.26695782,2.30198206,5.40910324,0.00701585785,-0.0146395527,1.01159561
2.44013945,7.87556314,4.83987794,-0.00711204857,0.00808895379,1.00561512
3.77125261,4.89983117,6.06323104,0.0369245484,0.00287231803,0.900427997
1.68698918,6.77738094,6.94081605,-0.00422864407,0.00230372511,1.00970173
5.12861321,2.5175318,8.98139379,-0.000148914754,0.00467482582,0.992812634
6.62191875,5.65744333,5.80177892,0.0149114691,0.00554348528,1.01679862
4.98917113,6.08151827,4.5029445,-0.00122883916,0.163980931,0.960500777
5.9820861,4.42454353,3.23460637,0.030006092,-0.0174983963,0.959747016
6.27673659,6.89951678,3.88123133,0.0173280053,0.0255756378,0.994989812
6.17106123,4.26599489,3.01367249,0.022037141,-0.0138662346,0.973004937
3.71279785,2.36018698,3.53770835,-0.00744220614,-0.0153221823,0.997884452
7.5961383,8.45572149,3.48478279,0.00479465723,0.00649994425,1.00164449
4.5229613,6.45489103,6.35056832,0.0049889572,-0.0158983655,0.962802887
4.10714082,2.78743078,7.08804969,-0.000176250935,-0.000719262287,1.00804698
3.10007708,4.90825999,3.56343924,-0.0340291001,-0.00163654238,0.984547019
3.61588214,6.35687546,5.05792835,-0.0327001251,0.032047689,1.01986861
4.65426862,2.37300316,5.05378103,-0.00292491168,-0.0236844793,1.01106274
5.32820574,5.64197246,3.63532772,0.0292503089,0.05602571,0.906174481
3.12881773,3.00210727,3.47875934,-0.012937516,-0.0137780122,0.996223986
2.12433954,2.78386462,6.87057014,-0.00383103266,-0.00317260996,1.01003861
1.14494003,4.11655409,6.52629015,-0.0056842193,-0.00137612596,1.0089221
6.42839235,6.06611834,4.72903767,0.0501314737,0.0371419191,1.01110673
4.60713823,8.64013904,5.62933291,-0.00106840953,0.00980935618,1.0087887
5.29422414,1.90935551,4.59052179,0.00172635913,-0.0178272128,1.00543702
3.25151752,3.18755918,8.445618,0.00269255415,0.00269144587,0.997447729
6.62691418,2.85169694,3.42115508,0.0114204474,-0.0151300505,0.995781124
4.41302418,6.27279811,3.83231048,-0.0258580446,0.0568298735,0.966103017
4.68216788,1.61462591,6.09461111,-0.000824596733,-0.00910582021,1.01083755
8.21450018,4.20438686,4.20082961,0.0151743665,-0.00376514345,1.00288618
1.39735452,6.26626045,4.11968658,-0.0105961412,0.00376680493,1.00293517
4.55977987,8.66849606,3.76345106,-0.0014658384,0.0114705544,1.00164354
2.20545829,7.56379213,5.80856243,-0.00623745471,0.00586300343,1.00870311
5.74929523,2.54444066,6.90665728,0.00134666637,-0.00359475985,1.01253271
7.03579983,7.48423709,4.27757582,0.010712631,0.0129615068,1.00325012
7.04394791,7.47627062,8.48473458,0.000304281712,0.00038395822,1.00758982
8.68320604,7.40524539,5.81752692,0.00557246804,0.00366655551,1.00707901
3.98359156,6.23757501,7.99939544,0.0119787939,-0.0151303448,0.927355707
8.35121988,4.86440418,8.61102651,0.000647090375,7.7188015e-05,1.00762892
6.48438259,7.38097799,3.35101828,0.00917451456,0.0147425644,0.996348381
2.95827419,5.61693695,8.236623,0.00770741329,-0.00274420343,0.981353521
7.95948696,3.86848562,7.11823854,0.00416867062,-0.00143057108,1.01129007
5.18547557,1.50552372,5.34471475,0.00076071918,-0.0119718648,1.0084939
2.83941904,5.73233657,7.14476193,0.0011099875,-0.000812809914,1.00440013
7.81793452,3.1004801,6.63455864,0.00557132438,-0.00346302614,1.01107144
6.07809887,3.34116301,3.41440697,0.0158764794,-0.0245063119,0.986126423
2.66648636,5.43523002,6.74071625,-0.00357383862,0.000442532822,1.01179874
3.28919133,4.81458216,7.20150081,0.0162008218,0.0012529213,0.96002382
3.09939472,5.17393603,6.67331323,0.00472787023,-0.00100121461,0.995757163
3.42253966,3.32002115,3.52015313,-0.017387189,-0.0185227692,0.991837382
5.69884059,1.12303905,7.77329279,0.000710394233,-0.00252504461,1.00886619
5.76137702,8.29140611,6.32773502,0.00181758031,0.00778322667,1.01139724
8.98331139,6.87476131,7.17233787,0.00349025801,0.00165534392,1.00800896
3.77860283,6.04363696,8.66976572,0.0124159753,-0.0111395419,0.923254669
4.29009526,1.71527191,3.41044682,-0.00264294818,-0.0125953779,0.999418497
2.92147144,1.81801951,8.10407366,-0.00108259171,-0.00156651065,1.00875151
5.67364077,3.74364257,3.24160511,0.0155487619,-0.0287228301,0.971049726
3.67218607,7.10296216,8.46093936,0.00182600692,-0.00353371724,0.996714056
4.91085585,2.57194021,3.95677273,-0.00101538748,-0.028126359,0.997139692
3.90007078,6.55770951,6.84878566,0.00369330496,-0.00606219471,0.990955055
8.55918469,3.12898042,6.31459561,0.00576950982,-0.00281554461,1.00840235
8.81928763,7.15958965,3.40585968,0.00673333928,0.00391945615,1.0014168
1.92069822,2.31160576,3.00594945,-0.00601515174,-0.00535849109,1.00017273
3.29625049,7.46211391,3.1889085,-0.00828588009,0.0120611973,0.997118711
5.07103083,7.55610773,5.17176597,0.000727452338,0.0245894324,1.01331806
3.31979558,8.38191805,4.18216781,-0.00509031117,0.0103033688,1.00315011
5.85727727,1.91786401,7.99031224,0.000638186932,-0.00120006315,1.00935304
7.85761255,6.4952625,4.98045328,0.0141238496,0.00745732524,1.0077759
1.01452597,6.60896736,8.29816366,-0.00169049203,0.000755256042,1.00785518
4.0586067,4.85179751,7.74268231,0.0321326852,0.005197566,0.788814604
6.53705992,3.05438517,4.19799145,0.0178986825,-0.0226767585,1.00065041
8.82851843,7.25203777,6.17993114,0.00498342514,0.00301471911,1.00728619
7.82487636,2.45970246,8.61376041,0.00102224201,-0.000611959025,1.00801969
4.84022727,3.72297785,8.59922686,0.00249663368,0.0211197156,0.87361598
1.87040927,3.49500728,7.44051074,-0.00284380838,-0.00142877921,1.00995624
5.38950117,4.74154993,6.04770905,-0.0712290257,0.0474037491,0.408045352
1.92431528,3.14874543,3.28763643,-0.00943682715,-0.00571273267,0.999657512
6.69364085,1.83856395,6.27556631,0.00372650847,-0.00657543167,1.01040554
8.29249007,2.93728679,3.00345989,0.00753954798,-0.00471168011,0.999929011
8.57060003,3.15032682,6.03643256,0.00647662207,-0.00321757793,1.00818861
3.40867806,7.68470128,6.71940253,-0.00326455384,0.0054201223,1.01256692
1.1287052,3.22415712,4.33626602,-0.00800554454,-0.00379099324,1.00356627
3.08153929,5.62219511,8.7380525,0.00947414711,-0.00343083404,0.967196345
4.97763764,7.63299977,7.06515409,-6.29499555e-05,0.00285175815,1.011603
3.14249071,8.94051641,8.87712087,-0.000453513116,0.000912448391,1.00749254
5.63901499,8.93551027,5.46082229,0.00142766535,0.0086158067,1.00724649
3.34576135,1.38876149,7.71680883,-0.00126274675,-0.00243166462,1.00872576
6.11974322,1.55505591,8.82064863,0.000355977565,-0.000621516258,1.00802791
3.56728445,7.78492226,7.08397221,-0.00208818913,0.00394262373,1.01172328
1.67553978,4.37786529,6.85747551,-0.00533569232,-0.00110032782,1.01110315
5.66430639,5.65477755,5.40947312,-0.0234201364,-0.0236327462,0.820254922
3.89496553,5.75394556,7.0020669,0.0266015232,-0.0188173428,0.889554679
3.67551732,6.35264541,7.62814197,0.00825306028,-0.00920274109,0.970849931
5.5076536,2.66549167,4.88380388,0.00684764236,-0.0305320807,1.01113081
1.4301617,5.7376848,5.54548819,-0.0100975968,0.00203302875,1.00841701
7.46371586,7.32853373,4.44626833,0.0110427104,0.0102860555,1.0042541
7.93755537,8.91430431,8.92333961,0.000727694482,0.00114080869,1.006953
3.23433399,4.87371403,6.40415249,0.00508743152,-0.000142235309,0.993155777
3.74091623,3.89853744,7.52683104,0.0140116364,0.0121367089,0.945436001
4.05032242,1.32482086,7.43901228,-0.000814188272,-0.00321934372,1.009359
6.72197763,3.88107507,4.66601812,0.0383244492,-0.0248682387,1.00872219
2.25745966,1.74686339,3.14380681,-0.00487879664,-0.00587260723,1.00067186
2.88089027,6.63834541,4.4982372,-0.0199881904,0.015534699,1.00476193
5.89726363,3.1616052,8.20956861,-0.00424192101,0.00874932297,0.975885928
2.23032358,7.19110591,4.02461581,-0.010369394,0.00827480853,1.00224841
4.8661162,5.66461926,4.43291217,-0.0538504533,0.267843992,0.785039842
1.42019893,5.95679771,7.91024568,-0.00218418986,0.000521192327,1.00908697
5.59784375,4.81537991,3.53196631,0.0478394516,-0.0146194659,0.907152712
3.72158828,7.27605615,6.91945457,-0.00210244209,0.0033541806,1.01270831
1.1041843,7.65940505,4.81724096,-0.00554365665,0.00397941098,1.00454259
1.00738645,6.96652538,7.27024509,-0.0031189695,0.00152974203,1.00782168
3.03020366,1.27728369,5.71921466,-0.00342413038,-0.00651992857,1.00711763
7.70746203,3.70570632,4.6439234,0.0177428015,-0.00842484459,1.00595701
3.17591716,8.04523619,4.44790031,-0.00688607246,0.0115059968,1.00431061
2.41521482,6.74313938,6.61548719,-0.00578100607,0.00380711444,1.0124563
4.06758717,2.35672212,8.77581554,0.00057259202,0.00184473395,1.00221145
4.74371551,5.77338041,6.1708148,0.0246098656,-0.0745885223,0.666355908
2.27729026,1.82099902,4.92870329,-0.00567223877,-0.00675799325,1.00533807
5.54415471,6.75186978,7.03071392,-0.00290325657,-0.0106919818,0.978931725
8.16661294,3.85304305,5.31532752,0.0124908611,-0.00446064025,1.00888026
5.14057,6.74389855,4.26282491,0.00506542996,0.0598771013,0.992389619
7.11644041,4.48884015,8.44008229,-0.00772069022,0.00171690807,0.982079923
1.79814558,8.17516131,4.98403253,-0.00512981787,0.00524134934,1.00500691
5.47410779,2.00490193,3.0851188,0.00209339708,-0.0133237503,0.997053504
6.9946634,7.1426432,4.88625839,0.0139253475,0.0148280635,1.00818789
2.60622646,1.84019646,4.43582544,-0.00612567365,-0.00817715749,1.00400448
4.05993969,5.59634017,7.66271352,0.0268314034,-0.0172228105,0.827866256
5.03147233,3.71414625,7.23237539,-0.000856149942,0.0327194408,0.871732414
2.73173563,1.27023515,6.2851303,-0.00288778171,-0.00473901629,1.00757539
1.54879521,3.42887576,3.9552351,-0.0102296732,-0.00466695987,1.00214362
8.95961379,7.47641083,8.56041104,0.00145217404,0.00108489208,1.00725007
2.75158109,6.77312537,8.60601463,0.000958323479,-0.000903081149,1.00422204
6.37062612,2.24922674,6.24555241,0.00430825725,-0.00831094012,1.01332247
8.89503724,4.64206877,5.68600279,0.00872588903,-0.000706795603,1.00790918
7.04921119,2.87595912,6.55015661,0.00529436022,-0.00528286397,1.01369083
1.05290111,8.1185068,5.53216318,-0.00405286998,0.00323453918,1.00539613
6.38266962,1.06250873,5.08529674,0.00304663554,-0.00815486535,1.00594187
1.58176404,2.77553682,6.14562432,-0.00548150763,-0.00368769839,1.00812149
3.39432116,5.66589801,6.31264262,0.00365684927,-0.0022792425,0.994295061
1.35128111,3.26249153,3.75229109,-0.00858223811,-0.00410644338,1.00183439
8.96513159,3.72280736,6.22736315,0.00607249141,-0.00181537867,1.00798213
4.12306307,7.84599116,7.69393601,-0.000511072576,0.00143067911,1.00954831
6.71261939,1.98157087,6.09598557,0.00453231484,-0.00747797266,1.01069081
1.56614556,6.82823815,6.34175709,-0.00580594689,0.00307773054,1.00910079
5.71308875,7.31096011,4.19793389,0.0091486536,0.0292332303,1.00030529
6.86986659,3.39501093,5.62840515,0.015320152,-0.0131108649,1.01799726
7.9346068,7.76956328,3.48946529,0.00675625354,0.00637570955,1.00126541
4.43772458,6.64087986,3.75435077,-0.0141747929,0.0421577469,0.981285274
8.78277038,5.34735024,6.3303211,0.00696984679,0.000677984208,1.00950134
5.05298744,2.92062442,3.95832659,0.00097233057,-0.0376603492,0.992702603
8.37487728,4.45059979,6.3179549,0.00798445567,-0.00124199688,1.01107049
1.11458364,3.40142249,3.56245512,-0.00787599012,-0.00328479707,1.00155056
6.79226205,7.85250863,7.55623509,0.0016310662,0.00247916207,1.01026285
1.62656916,4.4663733,4.62232636,-0.0143188648,-0.00227713212,1.00515282
8.06705627,3.17096148,6.01736565,0.00780564919,-0.00439596921,1.00980389
5.86917106,3.34607236,8.19638904,-0.00615644827,0.0115726683,0.959736288
4.71367339,8.8945067,3.54744582,-0.000702429563,0.00985844247,1.00120234
3.72233439,6.56614934,4.60159106,-0.0298487209,0.0368187502,1.00654423
1.63153409,5.30444964,5.8068195,-0.0107498281,0.000867366791,1.01027882
6.40110033,4.35807218,6.33588369,-0.0145717524,0.00655533001,0.966215312
1.28976212,5.39337456,3.72690722,-0.0111365467,0.00116958842,1.00132418
6.24100844,5.96083853,4.3884847,0.0625961274,0.0480633005,0.992367983
2.46605018,6.79532596,3.1977902,-0.0112502053,0.00806324184,0.997597992
3.43828497,1.47743971,8.06944601,-0.000861186534,-0.00180791318,1.00882351
8.19570994,6.81709166,6.89465575,0.00458647683,0.00270166993,1.00998509
6.81311294,6.56016445,8.89838606,-0.00392228737,-0.00379829481,0.989091933
3.20064581,4.54842443,5.24919046,-0.0412492864,-0.0103639029,1.02407694
4.8031887,4.13376272,4.28902748,-0.0401591398,-0.176856056,0.897382975
8.37831595,4.93782443,4.15406033,0.0149796233,-0.000202778727,1.00260723
5.59625296,8.48208801,8.29464985,9.65669751e-05,0.00111229159,1.00868082
3.74939618,1.76133801,6.2029477,-0.00298945978,-0.00779186189,1.01059508
8.27611301,1.19512254,5.73765474,0.0034699738,-0.00371251069,1.00580919
8.71419198,6.00010041,8.97771981,0.000760842115,0.000188648701,1.00764394
1.42618686,3.20236384,4.29418362,-0.00911954045,-0.00470637344,1.00340915
5.90451653,3.20926545,8.76330609,-0.00489144772,0.00943050906,0.966432869
4.20802608,7.01151131,3.50287555,-0.0101348422,0.0257696062,0.989910901
3.76108497,8.82071346,6.42672118,-0.00186389685,0.00568671525,1.00870812
4.96534974,2.84406659,3.10767447,-0.000429641455,-0.0213296376,0.988701105
4.78602238,2.47199267,6.86191127,-0.000244118273,-0.00419893488,1.01244986
2.4729034,6.65704041,5.58024498,-0.0121893175,0.00808853842,1.0119853
5.57965896,5.13300921,5.65754079,-0.11352843,-0.02526531,0.428056777
7.09675468,1.17946612,3.94807437,0.00404284894,-0.00711340457,1.00271237
1.57678216,7.57459994,5.09988789,-0.00651235878,0.00500363484,1.00563776
5.82052128,1.34595868,7.38810931,0.000927846879,-0.00338516198,1.0095824
7.748495,2.05793164,8.809674,0.000913631171,-0.000607734546,1.00765812
7.92265177,4.25624657,8.9308038,-0.00108711794,0.000195657834,1.00451779
1.42575449,7.49229712,3.08934895,-0.0060152784,0.00425188616,1.00079799
1.9619544,6.01710766,7.58692281,-0.0024327971,0.00078849867,1.01011491
6.02527492,1.73047354,3.70645522,0.00404318422,-0.0126307793,1.00078702
2.22532972,3.08276439,4.26977637,-0.012186408,-0.0085642226,1.00310171
2.33504972,5.66125514,4.85062135,-0.0225194283,0.00552882999,1.00850928
2.18716985,1.11143296,8.42314273,-0.00100028887,-0.00138375536,1.00726593
5.16354835,4.77475935,6.53247043,-0.0224665888,0.0306899212,0.452911019
6.42570226,3.2148805,6.53141054,0.00351880863,-0.0041125454,1.01395774
8.34289546,8.95318506,6.66521432,0.00236921012,0.00289341435,1.0063678
4.40481877,7.10296533,3.30129415,-0.00648804009,0.0230785981,0.989539325
4.40688218,7.92105045,6.33327657,-0.00197055563,0.00882949308,1.01364625
7.67424325,4.52552276,6.79563537,0.00534491986,-0.000817254186,1.01333892
3.05567064,7.22299689,8.73489435,0.000590361655,-0.000980444252,1.00470448
1.90224219,7.82525084,5.48935443,-0.00579332188,0.00533108413,1.00683713
1.61105185,7.58758551,8.23948171,-0.00165947899,0.00123608857,1.00794649
3.06806186,7.23398876,7.61214082,-0.00129333884,0.00118532404,1.00998318
6.92500465,6.94576004,5.25291786,0.0148768201,0.0149288531,1.01235402
4.02007054,3.27738151,8.1223695,0.00551238656,0.00955890305,0.97115165
6.86007447,4.98005103,3.3273651,0.0296590105,-0.00051156804,0.983580053
5.72721128,7.83864303,4.87193285,0.00501502305,0.0192781724,1.00807858
7.68951415,3.79428677,5.49685499,0.0148309059,-0.00653979182,1.01225805
1.63351183,5.2874513,8.73801112,-0.000437382609,-1.34035945e-05,1.00732887
7.88171107,8.27784844,4.12342148,0.00556392595,0.00636206567,1.00313449
6.75677171,6.36824207,4.20223893,0.0289516672,0.0224726684,0.998769224
4.19645255,6.87145032,8.99901565,0.00347818062,-0.0092728436,0.966567397
2.80989961,4.61035877,3.13927886,-0.020838283,-0.00377687812,0.989559114
6.70555931,3.55411417,7.42313349,-0.00294232368,0.00255234353,0.999056578
6.07349935,1.77465898,4.06668208,0.00459173322,-0.0136204064,1.00225008
1.53209411,8.95360737,8.88987106,-0.000754404813,0.000954952091,1.0065428
3.3188326,8.44019788,8.74017732,-0.00039787218,0.000829773024,1.00802469
2.81485292,6.95846193,5.94557082,-0.0091153644,0.00823961571,1.01386774
5.06844217,3.81748681,4.3280749,0.00738349557,-0.126798719,0.961297095
2.56618134,6.5921797,5.39056742,-0.0145042352,0.00941387936,1.01184261
4.59546828,5.33985933,8.22970377,0.0150166247,-0.0120593607,0.723805368
1.01761893,6.64028719,8.19906345,-0.00176527724,0.000784959644,1.0079366
1.20385204,2.60713504,6.44051901,-0.00417850167,-0.00276091136,1.00744402
7.98744971,3.02275973,7.3810813,0.00310917199,-0.00179258734,1.00976515
8.1547696,8.18332428,8.52675794,0.00114282966,0.00133043714,1.00747883
5.7849333,6.44358686,5.05694624,0.0302300006,0.0544940233,1.02416992
3.86039872,2.58372773,6.89676342,-0.00192479044,-0.00408653542,1.01256788
7.54451998,4.18513677,4.20821836,0.0237152725,-0.00764400512,1.00166214
4.90628169,2.52742234,4.31787111,-0.00101032108,-0.0295484476,1.00202692
2.4413956,3.37332143,3.42509403,-0.0132062323,-0.00835425034,0.997791409
6.05638703,2.95485548,5.52371606,0.0111643821,-0.0213432685,1.01973379
3.63686188,3.31952299,8.43875436,0.00523786992,0.006323535,0.980946124
5.08102478,1.02326762,7.16626324,0.000339280814,-0.00397055596,1.00908828
8.95143428,7.74082936,5.37409357,0.00497528166,0.00352947414,1.0055995
3.68635137,8.08562133,6.06112801,-0.00376287475,0.00876104832,1.01126707
6.22350365,7.19337285,4.49301602,0.0144954473,0.0255221464,1.00472605
5.99758131,4.90219234,4.27271706,0.154129833,-0.0150575116,0.927897453
4.78768879,4.79821928,7.55689063,0.0124506261,0.0126141384,0.630097091
1.24184975,8.3206997,3.22311949,-0.00416545197,0.00378450751,1.00164485
1.72844887,4.08101726,7.11035561,-0.00421625748,-0.00126323104,1.01062584
7.66245551,5.44896556,5.08614251,0.0226401091,0.00390569121,1.01133096
6.33934293,3.43607075,8.44686546,-0.00634220615,0.00736654364,0.973991215
1.93693766,8.76399579,8.17013652,-0.00122101977,0.00139256939,1.00705886
8.25315812,8.79366969,5.47933967,0.00358740985,0.00415857881,1.00547051
5.44838766,8.78062644,8.58795663,0.000170487911,0.000952010974,1.00817835
5.54735633,3.72002665,6.14652905,-0.00841887668,0.020295836,0.945456266
8.91243587,3.16313131,3.63014574,0.00755573064,-0.00339172594,1.00181568
8.7301675,8.0144354,6.57814309,0.00351018086,0.0027825553,1.00699914
4.95410196,6.45652411,4.70534474,-0.00262281671,0.0949837416,1.00803173
2.92803655,2.32047235,5.6676102,-0.00693599135,-0.00897748768,1.00998485
5.48387032,1.75548002,6.77765109,0.0010865666,-0.00586726144,1.01184511
2.29802119,3.65532476,7.58626398,-0.0016910769,-0.000956624746,1.00991547
4.61974863,3.49141583,8.2199314,0.00469690189,0.0188118499,0.918347776
4.5000298,8.61668767,8.03886381,-0.000216402113,0.00172387622,1.00893068
5.22796075,7.2398701,6.26246736,0.00113406405,0.0094457604,1.01696587
8.57304483,8.92153375,3.60700659,0.00350120291,0.00387075916,1.00233281
1.88885046,6.97276509,8.41072491,-0.00122589618,0.000692714006,1.00839806
2.93161156,5.24121459,3.37681838,-0.0265390538,0.00304432586,0.987783849
6.4291504,2.54180313,5.89483314,0.00684811547,-0.0115270726,1.01477969
7.44810319,5.96630954,7.68499859,-3.54461372e-05,-0.000315401703,1.00641751
8.4860604,6.56255496,8.08833437,0.00191118568,0.000820565969,1.00856161
1.23593141,8.3269945,7.23957369,-0.00223378465,0.00201379135,1.00667477
3.90346042,4.1170973,7.5306136,0.0210146345,0.0168230012,0.897526443
8.46597719,8.09600587,3.76450774,0.00532003492,0.00470226817,1.00242448
6.72349441,8.94692319,8.09933701,0.000829506665,0.00192087702,1.00788319
4.27805061,5.16688989,8.95434037,0.0170254298,-0.00362532958,0.791193604
4.48263447,4.35823757,3.03032255,-0.0152200945,-0.0188550279,0.95383805
2.86276935,2.27666628,7.0286368,-0.00286171585,-0.00364566594,1.0105716
1.08976664,7.37052284,5.76419037,-0.00525260344,0.00327330641,1.00651121
1.5823731,4.59496521,5.27794902,-0.012583591,-0.00157702528,1.00826502
8.36176716,7.7908441,7.11831769,0.0030997023,0.00259157643,1.00810742
6.57713822,2.55244927,5.46342595,0.00915972516,-0.0139482133,1.01249921
2.79596165,7.84912401,6.72549354,-0.00351642072,0.0045821853,1.01039004
2.31110837,5.19813976,5.54320898,-0.0184899159,0.00125488453,1.01454091
7.69701357,1.17241776,3.82326101,0.00417030603,-0.00553760305,1.00252032
4.23281441,6.08414588,8.55380526,0.0119397454,-0.0172448605,0.880546987
7.01975411,6.22296751,8.21671145,-0.00388365611,-0.00270662829,0.993883729
5.34875508,8.37732111,6.64270649,0.000630915165,0.0062132664,1.01130283
3.60964404,7.9773284,7.8156863,-0.000905413181,0.00168060698,1.00975168
8.22450835,3.51808786,3.00002685,0.00954517722,-0.00425761193,0.998976529
5.55339492,2.37970446,4.06764905,0.00487826765,-0.0232274383,1.00033772
8.70981241,1.92264501,8.80998884,0.00114642829,-0.000674318522,1.00688064
3.96652998,3.99257891,4.34896352,-0.0649578869,-0.0632211715,0.984202266
7.76558558,5.36066049,4.17692747,0.0225103498,0.00292015448,1.00165427
6.68173354,4.70591001,8.54353964,-0.0156377442,0.00259235501,0.937033117
4.93755399,1.75602065,5.68981858,-0.000158566982,-0.0122809,1.01099277
7.35662998,5.42980633,7.46074412,-0.00163605809,-0.00044510141,1.00360692
7.21429845,1.69572516,6.7976866,0.00305214897,-0.0039694868,1.00909019
2.6085097,7.30712823,5.20028802,-0.0100410134,0.00975017995,1.00864232
6.93200401,1.06276448,6.16766234,0.00282952562,-0.00500916317,1.00743032
2.70150656,8.32062577,4.44464905,-0.00561598688,0.00820706785,1.00405812
5.91938184,7.47878154,3.12250862,0.00594250485,0.0159346182,0.99440521
8.32951718,4.16233563,8.40119027,0.0010905154,-8.16732645e-05,1.0081569
4.007946,7.17796255,3.52954923,-0.00997184217,0.0219947118,0.993380845
5.77409357,7.92451939,3.48884071,0.00414967164,0.0154692568,0.99830246
5.66882529,5.43390545,5.45674803,-0.0651554912,-0.0425052233,0.6738832
6.63697857,4.95348848,7.54699945,-0.0195974521,0.000448675826,0.93979466
3.42391666,4.07068582,4.93056656,-0.047117468,-0.0278424956,1.01744139
3.72636088,2.55238019,6.32546026,-0.00445704162,-0.00866537541,1.01480913
4.36919848,4.21944283,5.58420667,0.0272845197,0.0338552333,0.840825915
5.02723062,1.07947495,6.50069859,0.000163208693,-0.00598495826,1.00907516
3.46109113,7.59934272,7.97715908,-0.000603683293,0.000564053655,1.00867629
4.39593391,5.49786202,3.30238054,-0.0276847333,0.0229570195,0.937917769
5.88203583,2.99840129,6.74408457,0.000555638224,-0.00113352016,1.00878692
7.81394653,2.90038183,4.21467001,0.0109983981,-0.00810286403,1.00309515
5.90724593,3.87830872,3.39422464,0.0242408663,-0.0296938755,0.969960749
6.96578041,7.63655849,6.79028037,0.00382914022,0.00485283323,1.01157033
5.03008478,2.66614955,3.35606843,0.000237219036,-0.0227173828,0.99176228
6.62835316,4.60156421,8.62804202,-0.0156556852,0.00362465531,0.932571948
2.99006331,7.50918043,6.54250286,-0.00443011522,0.00565617904,1.01231337
8.95018598,5.50764683,7.42023093,0.00351333246,0.000481680036,1.00893486
6.10666792,7.49704544,6.79127179,0.00245030969,0.00496134162,1.01368904
4.30849438,2.8926638,7.50130694,0.00144002959,0.00414308347,0.99661845
7.21380823,4.27325252,6.23990444,0.00975992158,-0.00315073878,1.01727104
4.74896615,3.18784007,6.96922844,0.00141519681,0.0104869548,0.980371773
1.46151166,1.01227573,5.99145934,-0.00268540531,-0.00311034545,1.00546992
7.87801178,2.62043397,6.43760898,0.00529003143,-0.00396702811,1.00955129
6.65704445,7.21602434,5.04375416,0.0133175179,0.0175925139,1.01036739
7.54867687,4.68933945,5.68390069,0.01822301,-0.00217872113,1.01688361
1.00448148,7.99970616,5.43041427,-0.00430994481,0.00338778645,1.00531733
8.14841854,8.56008265,7.3778193,0.00219422951,0.0023405347,1.00735533
6.19568064,1.18358619,8.07304738,0.000754270703,-0.00199961662,1.00862312
6.70763873,5.64545134,4.18789393,0.0506244488,0.018881062,0.992353141
4.16611123,5.05258309,7.84630982,0.0302458871,-0.0014647413,0.763913274
4.29074859,8.95645386,4.28462093,-0.00178860873,0.00992847048,1.00359857
4.27271963,7.74864164,3.84058541,-0.00519276783,0.0194034521,0.999258697
5.90630036,7.14313992,3.85336396,0.011683125,0.0272208005,0.99517113
4.7167264,8.46480051,7.75535886,-0.000291123986,0.00221412443,1.00957477
1.18173236,3.34041229,6.44438713,-0.00504590198,-0.00230276957,1.00822663
8.69165476,1.33194876,6.55281465,0.0028389506,-0.00245723128,1.00619411
8.54210235,8.45222246,4.13495918,0.00449183956,0.00443284772,1.0032078
6.69424751,8.44081475,5.07042126,0.00466858223,0.00949595682,1.00645339
7.73250056,4.16657587,3.64154941,0.0179748386,-0.00543766469,0.998120546
2.52419685,4.65839054,5.02432611,-0.0271024443,-0.0037526302,1.01191151
5.71318762,4.72827908,8.78770454,-0.0181885548,0.00711654499,0.78776741
6.26260638,2.64998806,4.90014337,0.0116699599,-0.0214529149,1.00964856
3.60359809,3.59348192,5.31793163,-0.0254491381,-0.0256666951,1.02256501
2.27241953,1.11306815,7.33303297,-0.00167636946,-0.00252580643,1.00721836
7.57270213,1.15791131,5.00069408,0.00424706936,-0.00573961064,1.0049839
8.41717889,2.99532289,5.02682049,0.00870170444,-0.00486426428,1.00600612
7.90556268,8.35038638,7.70822188,0.00183014944,0.00222950615,1.0078851
7.17885021,8.67754778,6.16007963,0.00317333266,0.00535630248,1.0076555
8.64985604,5.7320243,4.5187577,0.0118610524,0.0024458617,1.00456929
3.82241116,6.28753065,7.2499293,0.0102020092,-0.0119527094,0.96208781
1.66171771,3.51885508,5.57464,-0.00929992273,-0.00423077866,1.00852096
5.35323832,4.76057369,7.37300424,-0.0235325992,0.015914917,0.63144809
6.78537594,1.74320463,4.97407763,0.00571342185,-0.00997288153,1.00644124
6.92643729,5.84880034,4.88044195,0.0384359397,0.0166961141,1.01353991
7.4969415,3.27884619,8.86724576,-0.000790946186,0.000591488555,1.00500441
8.78169586,8.63613388,5.81734589,0.00333208963,0.00318635628,1.00550425
5.05902821,7.923781,3.58011559,0.000369630754,0.017515596,0.998261452
6.16009072,8.14903534,4.10617008,0.00521121919,0.0140336901,1.00243247
4.14824012,1.94654538,8.50206947,-3.09050083e-05,-0.00018703565,1.007496
7.26974831,4.15974951,7.06162424,0.00114667043,-0.000365065411,1.00917363
5.56785604,1.39294652,4.89264774,0.0019495599,-0.0119308271,1.00624871
7.86142101,2.77922781,6.11811032,0.00671496987,-0.00485398248,1.00968361
6.33507983,5.80129709,6.5907873,-0.0165089965,-0.0103858076,0.954840124
7.29478911,3.87583008,3.59006131,0.0201147087,-0.00983414799,0.995596111
2.43403565,7.6284103,6.18616802,-0.00531080738,0.00555180572,1.00990736
5.45406128,7.64654597,8.77279196,-0.000521343201,-0.00298849121,1.00013077
5.23890085,4.60773365,5.8281206,-0.052083116,0.0854748636,0.336538255
5.11392837,5.44275287,4.30367327,0.0638659745,0.246673748,0.628020227
5.98939281,6.25066817,8.18406034,-0.0114369616,-0.0146559067,0.924184084
3.96007657,2.1397508,5.16482275,-0.00578014553,-0.0160490721,1.00952899
5.99008597,2.49932246,6.16123408,0.00435646251,-0.0104678087,1.01609302
7.09546334,3.44803464,6.69721598,0.00478102639,-0.00336850062,1.0140686
5.15772282,7.96626363,5.65417571,0.000697262585,0.0146037526,1.01277089
2.22215784,1.19614634,7.83146617,-0.0013153404,-0.00184109062,1.00736201
1.57704313,7.45397139,5.46767304,-0.00644182786,0.00457498617,1.00680172
7.53456758,2.43270501,5.18897392,0.00840279087,-0.00828901678,1.00749433
3.91761128,7.41193926,6.30227064,-0.00411618128,0.00906966627,1.01588285
3.08036317,8.88375092,8.92331807,-0.000392470509,0.000904044136,1.00742471
2.28459606,2.20640733,4.3787325,-0.00739290938,-0.00764036551,1.00382352
8.80994797,5.91092516,7.4777192,0.00327555835,0.000866632909,1.0090183
3.98025171,5.93940519,5.70293857,-0.00245292857,0.00125168636,0.98309356
6.50933397,8.2249651,4.59278875,0.00561745837,0.0120129995,1.00504684
3.46363887,7.0715691,7.4178022,-0.000410135835,0.000125721097,1.0082525
8.82957298,2.91996124,7.95584016,0.00220021978,-0.000905029476,1.00774682
3.20390195,7.83278273,6.36021318,-0.00429661945,0.00673736259,1.01158392
3.00354884,3.64984527,3.14849477,-0.0160263255,-0.0108438954,0.991805077
5.00873,4.48811924,6.33300049,-0.00103798136,0.0687855631,0.499941051
5.46376201,3.17707773,6.99231042,-0.00219085068,0.0086519029,0.984959066
1.59979589,2.74754443,5.77196435,-0.00624965504,-0.00434937142,1.00755668
1.81944938,6.7597465,8.77646503,-0.000724371523,0.000409765169,1.00788319
1.90491582,6.23779433,7.36111268,-0.00325585157,0.00121121854,1.01047599
4.50027677,2.64147385,3.15219794,-0.00398175791,-0.0189157315,0.992061794
6.44510868,3.03743852,5.89106158,0.00959828869,-0.0128354616,1.01866162
4.09537973,8.69554287,4.03191751,-0.00266460702,0.0109001603,1.00265133
3.06297729,4.46040767,7.45869541,0.00838739425,0.00200135633,0.984560549
4.39707926,2.10889344,5.65967949,-0.00304878503,-0.0143570341,1.01271653
6.53609267,6.5577194,3.11124703,0.0150555894,0.0151094571,0.989309847
1.70016763,1.53970803,7.29152897,-0.00210765749,-0.00226197578,1.00719726
2.20600167,7.93270365,8.07934844,-0.0014408268,0.00161051191,1.00846434
5.29175946,8.66495487,4.75708385,0.000899016857,0.0119850338,1.00562632
4.42890822,8.54434302,5.45512372,-0.00172059983,0.0107866041,1.00852132
4.05798848,6.15030679,8.59159408,0.0116811804,-0.0147528313,0.906210005
4.09628139,6.86436345,6.5062449,-0.00130328536,0.0021747537,1.00948691
3.72346112,3.67674747,4.90025783,-0.0382063277,-0.039742332,1.01632226
1.72036962,1.07931873,4.86292727,-0.00350821391,-0.00431810133,1.00428128
7.95900077,1.71405048,5.43350191,0.00494740531,-0.00516888686,1.00620115
5.52860408,5.4332381,3.72157073,0.0577078499,0.046608597,0.891493618
5.55112763,1.65185469,5.58962274,0.00196476281,-0.0114393197,1.0098592
6.27903917,4.4426172,3.30740898,0.032831043,-0.0143808536,0.969313204
6.23595851,7.2465747,6.43689152,0.00443182886,0.00742113218,1.01573193
5.83450211,5.39845088,5.61633651,-0.0584599115,-0.0282900818,0.775379121
6.71208064,7.48519205,8.85081963,-0.00040544197,-0.000826673582,1.00495327
8.90214431,1.15498282,6.59370327,0.00253152102,-0.00216306001,1.00589657
1.03560179,4.1291304,3.88084628,-0.00944022089,-0.00202443451,1.00221157
2.87852051,7.26148949,7.89307148,-0.000987954438,0.000863172114,1.00933242
4.29064464,7.61980446,4.34010952,-0.00637911633,0.0234105065,1.00319207
2.46585484,7.76818202,4.65128662,-0.00788999349,0.00874748826,1.0049895
1.95649787,3.31508011,3.43535206,-0.0106342249,-0.00593116134,0.999712467
5.6993864,1.59963357,7.87800617,0.000671688467,-0.00204336084,1.00968933
6.95946135,3.12555896,8.4747578,-0.00154631957,0.00154236704,1.00265813
6.88234447,6.42939457,5.9696709,0.0123406574,0.00896802545,1.01896155
3.48075352,3.69232574,7.64191704,0.00748032704,0.00621894188,0.9806059
3.4543017,7.1351113,7.77297816,0.000322829932,-0.000711698085,1.00613904
3.39160145,7.50306377,4.73319589,-0.010628242,0.0166242272,1.00683045
7.13092302,5.07162288,8.76245268,-0.00863889977,-0.000530697405,0.975639343
3.33543449,8.87908126,8.92025519,-0.00045177713,0.000884341076,1.0076009
1.8335665,7.83551192,6.58924912,-0.00386400893,0.003474053,1.00818717
2.00482416,3.50814685,3.21822836,-0.0109586343,-0.00544530526,0.99865371
5.74837558,2.62895445,3.86547548,0.00784271955,-0.0247054324,0.996949732
5.96458418,7.80187276,4.09107651,0.00640447065,0.0183567405,1.00161767
6.86815185,1.68011185,8.39334877,0.00100509077,-0.00123345107,1.00850523
6.45740713,6.66772145,4.28848836,0.0249795429,0.0283869207,1.00024712
7.27818567,4.95412667,6.34657226,0.00808028877,-0.000150382519,1.01591945
3.111385,2.1173011,8.53928802,-0.000366616994,-0.000629104674,1.00814962
4.5622582,4.96950749,6.69634571,0.046768833,0.0039010942,0.538481176
5.95356869,3.44603666,5.86938098,0.00774695724,-0.012411613,1.01783681
4.79848625,7.55974024,7.72172733,3.31923366e-05,-0.00124061853,1.00536776
4.84977733,8.6641853,4.40507873,-0.000543370843,0.0123322681,1.00411129
2.24226017,1.55105668,5.24574361,-0.00459521264,-0.00584373251,1.00579679
1.64063014,7.78234815,8.54623431,-0.00125656277,0.000995069742,1.00764084
2.83196851,3.56114286,8.263301,0.00229502469,0.00126050599,1.00127733
2.06535184,1.46890818,4.9151409,-0.00447617844,-0.00558440015,1.00477457
2.33501706,2.31964048,5.73821377,-0.00623853877,-0.00638337806,1.00847304
7.92008256,6.90939166,7.97092586,0.00177232549,0.00117883831,1.00917137
2.14387887,8.92449945,5.79609876,-0.00301492214,0.00422880799,1.00592494
2.45587524,8.86598638,4.23673827,-0.0039005056,0.00617391616,1.00339675
3.56033657,8.43272346,5.06892759,-0.00437765196,0.0103858374,1.00672412
3.10448684,1.2250367,7.21094737,-0.00167648867,-0.00322648883,1.00840747
3.08126382,5.96519752,8.10296428,0.00679395348,-0.00389491953,0.984190166
1.19990432,6.79867548,5.4113168,-0.00717186555,0.00340660848,1.00661409
8.93780699,3.90946668,8.52933972,0.0015524663,-0.000264775008,1.00790119
5.56027098,2.88806465,4.03932532,0.00919607654,-0.0344164409,0.995642066
1.82603737,1.13506829,8.91118758,-0.000771354884,-0.000963132828,1.00683165
8.85592426,6.49171872,8.27462346,0.00182584673,0.000870164484,1.0080291
1.26408486,5.85750861,8.81344639,-0.000918213278,0.000218831003,1.00784934
6.70749259,3.74003795,8.35111565,-0.00698997453,0.00513117947,0.979605138
4.85506701,7.41310573,7.48319246,-2.25119293e-05,-0.00168522261,1.00447237
7.62780698,5.63155254,6.30653124,0.00963553786,0.00233435817,1.01540518
8.68334267,4.50204674,6.32141025,0.0072610788,-0.00095050782,1.00963783
5.21532212,1.59060799,3.42560593,0.000711023808,-0.0124010481,0.999664664
1.18020975,2.49323786,7.91770058,-0.00178972259,-0.00128918327,1.00758243
7.83477959,1.29544733,8.04436987,0.00155087188,-0.00142714381,1.00739729
2.58282333,3.61975218,8.38986136,0.00138461962,0.000628937036,1.00395596
2.94124138,6.5396721,6.32716418,-0.00771650299,0.00562411547,1.01606679
4.03168071,2.42605183,6.39603683,-0.00320833549,-0.00844557956,1.01467133
4.71014595,3.39666708,3.5201092,-0.0068795383,-0.0385358147,0.976286352
7.60317874,3.52551196,3.17183256,0.0125999525,-0.00707180426,0.996964276
1.81850999,1.79597655,4.70171414,-0.00525406003,-0.00548024103,1.00431895
2.76450052,2.79515658,4.86045696,-0.0120603591,-0.0119242445,1.00708926
5.18714197,2.78384266,3.11296779,0.00174151361,-0.0206819363,0.989824772
5.48665084,3.57624616,7.89650357,-0.00723646209,0.0206897277,0.912500262
6.38254817,3.9008537,8.532002,-0.0116897635,0.00905131735,0.944538891
1.98744947,5.75892021,3.28664224,-0.0138473213,0.00352153182,0.997834265
5.49467045,3.08324103,5.66579011,0.00600562245,-0.0231261589,1.0232805
5.60914187,2.40863831,6.24327644,0.00256162137,-0.0101783164,1.01602066
4.00708495,2.65895638,4.82330073,-0.010732878,-0.0254625268,1.00897443
4.86174773,7.32770185,5.57678895,-0.00117081776,0.0227174759,1.0193851
5.71000043,5.50944041,6.27436107,-0.058996994,-0.0417180546,0.705976427
8.73067441,2.52333689,5.95732596,0.005244378,-0.00329658389,1.00685573
7.9816925,7.07032564,7.30732995,0.00327526778,0.00236450508,1.00982261
3.89020697,3.09935937,7.38768111,0.00218429789,0.003666576,0.997591376
1.09083695,5.7087587,8.1582935,-0.00194694474,0.000263899565,1.00840855
5.17217544,5.28749302,4.14097089,0.0815275311,0.135155529,0.647374809
1.53036574,1.61444848,3.95500499,-0.00453278422,-0.00456788018,1.00273275
4.42483276,7.03378198,7.52426558,0.00157384947,-0.00663025677,0.990895748
7.14934876,7.4971305,7.05516037,0.00330128521,0.00369609892,1.01122189
8.325397,3.0268092,6.55930309,0.00530355051,-0.00283198804,1.00915873
5.29722401,6.80037687,3.84556163,0.00746489316,0.0435572565,0.985251486
6.20464494,7.80580721,3.54105248,0.006447386,0.0146504268,0.998671651
3.89844674,5.36753959,7.32247187,0.0339416973,-0.0114690252,0.83733362
8.7918339,7.18414951,8.93431692,0.000926543027,0.000760562718,1.00740361
7.29878663,8.19253951,4.00682181,0.00609430671,0.00851946883,1.00260055
5.688098,7.75527547,6.31710569,0.00232484937,0.00913503766,1.01462448
1.54073966,7.90025187,5.74761555,-0.00477373227,0.00406807289,1.00655007
3.60430049,7.6648862,4.54929256,-0.0090771094,0.0172542408,1.00526655
6.50403224,8.15389837,5.42807907,0.00516381487,0.0107029099,1.00894785
1.4794692,2.29714421,3.81261737,-0.00615094602,-0.00475193933,1.00235736
1.41802505,1.87574645,3.36451396,-0.00482490286,-0.00422094762,1.00167906
1.69593047,5.73939756,8.52719372,-0.000735010952,0.00015520677,1.00790524
7.59398945,2.66078618,5.6267977,0.00833543763,-0.00720430166,1.00936604
5.96428905,2.32407115,4.43733401,0.00749825686,-0.0205890313,1.00419545
6.41817715,3.29388183,7.46374352,-0.00280798227,0.00335077196,0.997914255
2.23698281,7.93976045,7.56532148,-0.0020724535,0.00220528431,1.00879824
8.21283075,8.47564009,3.31196823,0.00440287963,0.00477939658,1.00161791
5.06452884,6.62943905,7.84975001,-0.000779982656,-0.0189130679,0.933719575
4.60069548,1.01197623,5.5045467,-0.000833462924,-0.00857856497,1.00734031
7.27090457,8.34923905,6.47573065,0.00338860974,0.00492130779,1.00860965
8.97834719,2.81647307,6.1821562,0.0049418509,-0.00255320966,1.00704479
4.8975694,6.28135234,6.34279201,0.00271141902,-0.0358668901,0.898553729
5.27534043,3.3633476,8.9470565,-0.00268555805,0.0148466844,0.928853333
7.73886965,6.18939719,7.81493342,0.00126352534,0.000400509685,1.00892973
2.29760908,4.74017544,3.18330774,-0.0166625157,-0.00160292909,0.99494487
7.76581623,7.34976783,5.64087387,0.00801898167,0.00668373704,1.00887167
2.09102411,2.48775871,5.76752801,-0.0064426437,-0.00559996814,1.00826991
6.16102045,6.50653535,7.8377386,-0.00702410936,-0.00975957885,0.967930794
8.48094286,5.88420622,4.22241682,0.0126343369,0.00325399637,1.00322843
5.1350761,7.77611493,7.93850298,-5.2139163e-05,-0.000539675355,1.00698936
1.37949651,4.93910689,3.36052723,-0.0110712983,-0.00030997768,0.99994725
8.3740202,2.09727078,8.75817534,0.00123849884,-0.000717148185,1.00736666
2.33389641,6.57171922,5.63536595,-0.0116307475,0.00690253451,1.01166105
4.16562682,2.87307295,6.21979623,-0.0038382113,-0.00991318002,1.01705217
1.71179406,8.96488718,3.94122122,-0.0034198314,0.00443024188,1.0028038
7.13144971,2.67058333,4.87248218,0.0115124024,-0.0123421438,1.0072372
1.89170817,3.52842637,6.34234095,-0.00688234344,-0.00344282761,1.01079547
3.57127478,4.51920376,3.32960486,-0.0329490639,-0.0111432523,0.972600877
3.40039325,7.53004352,4.94990244,-0.0100778267,0.0158785284,1.00861371
2.87371881,1.62638287,4.89569153,-0.0052334629,-0.00835309178,1.00555313
4.15783247,7.52910806,8.7087049,0.000736422837,-0.0028350763,0.999870658
1.32971349,5.40298748,3.30770758,-0.0104474239,0.00115251914,1.00000143
2.00506361,5.73849324,4.825213,-0.0174566358,0.00434622914,1.00705755
5.32016357,4.59265575,7.56155499,-0.0178825893,0.0224785097,0.670417488
4.06639402,4.81379069,7.27956931,0.0399549156,0.0080129914,0.773667037
7.35857543,7.43715418,4.69339739,0.0104149058,0.0107541531,1.00561368
5.02422044,6.75645483,6.68600995,-3.05324793e-05,-0.0104036964,0.981564105
8.19396998,6.93719814,7.92178813,0.00199103355,0.00128201395,1.00889897
2.8383649,8.03119279,3.90388187,-0.00677768141,0.0094124116,1.00198996
8.62263601,2.18747799,6.15006016,0.00456039608,-0.00318704918,1.00687993
4.2946041,3.20357743,3.36072064,-0.010489665,-0.0268184692,0.98463732
7.27729476,6.13983261,4.58410089,0.0254729092,0.0128028952,1.00598502
1.84063084,7.57907713,7.20092168,-0.00294240564,0.00245611183,1.00866151
1.45997892,4.51818939,3.36717386,-0.011263378,-0.00159869716,0.999820769
2.95630147,4.17275869,4.05377555,-0.0326565914,-0.0132947825,0.995606661
6.98712296,1.6191502,5.12649001,0.00514915213,-0.0084519051,1.00639248
2.59946258,4.01826291,3.69922723,-0.0211087689,-0.00862510875,0.996172309
6.07750699,6.98805323,5.66465461,0.0108621344,0.0193492342,1.02056491
5.70759231,7.21473393,3.70944461,0.00852852315,0.0265051238,0.993843496
5.93377341,1.34935959,7.58301678,0.0008225739,-0.00296157412,1.00946522
8.75426575,3.80863577,3.45690836,0.00931059197,-0.00278018601,1.00099194
6.60454229,5.36871068,7.3085608,-0.0187684298,-0.0044593513,0.946175039
7.25452989,8.28865369,4.07578208,0.00567658991,0.00850442424,1.00284648
7.6135995,7.75756178,7.12872641,0.00315344706,0.0032611303,1.00944912
8.7233685,7.08996398,6.16380329,0.00544590876,0.00308394805,1.00775063
8.44559272,3.67372878,4.75448593,0.0113338605,-0.00423941016,1.00545144
2.50674844,8.05025009,3.1819756,-0.00568888709,0.00698414072,1.00041318
6.67000678,8.17875224,6.05385918,0.00407418236,0.00772461109,1.00997186
8.51071983,4.82036526,5.11482985,0.0129082575,-0.000617310405,1.00743151
8.84033813,5.55237045,8.73047227,0.00117863342,0.000161860138,1.00788152
7.62244121,6.97687303,7.14806249,0.00358120725,0.00267669559,1.01099944
6.50073279,1.62341829,3.32902981,0.00431672856,-0.0095188804,1.00026035
4.4244882,6.77634521,8.45318796,0.0035938397,-0.0123780333,0.956317723
3.82903713,4.31340104,5.93096564,0.0147063229,0.0086902976,0.953488946
1.63155111,3.13285827,4.84445408,-0.00934378058,-0.00533089414,1.00552011
4.47907398,5.48185532,6.69099575,0.0424105376,-0.0389667638,0.647784531
1.5904623,1.56768274,4.7018914,-0.00455477461,-0.00460682809,1.0041033
5.58772197,5.07962293,6.16017715,-0.0842910856,-0.0105970763,0.516153336
8.54770808,7.63428925,8.30289956,0.00146033987,0.00133046694,1.00769639
4.00798906,3.01480934,3.43422299,-0.0114306025,-0.0228460953,0.990225255
5.93286098,4.96226379,6.35554719,-0.0664896071,0.00270977989,0.741724432
1.4353026,6.39919114,6.72227013,-0.0050996542,0.00191210583,1.0094099
2.00263269,1.04105602,3.68577745,-0.00357437879,-0.00480301306,1.00229931
6.32515035,7.6799963,6.02036223,0.00520788133,0.0104033686,1.01357484
4.13816399,5.32342824,6.25529966,0.0655911565,-0.0246589221,0.734392464
7.35252477,6.7745376,4.44347439,0.0164641105,0.0124955736,1.00429332
1.15696841,3.88184307,4.81486023,-0.00955720991,-0.00281788595,1.0052048
6.54999154,1.48695633,5.36247367,0.00406574458,-0.0088169463,1.00745261
2.4854547,1.08536045,8.40298861,-0.000935405493,-0.00135100633,1.00743604
6.49890939,1.44165269,3.16859173,0.00366408378,-0.00852389634,1.00020278
6.98817445,5.49770096,5.31231369,0.0337134823,0.00829590857,1.02204728
1.79622478,1.56974522,8.64878487,-0.0009611696,-0.00103581697,1.00725579
1.80077785,4.91809207,7.14591331,-0.00421476737,-0.000210624188,1.01112127
3.57777225,5.75383987,3.98745749,-0.0525595434,0.027848687,0.979677618
5.93480413,4.37980267,8.04590946,-0.0232893005,0.0153538473,0.835344553
6.94487776,6.88286785,6.78397528,0.00444718078,0.00375793129,1.01339519
7.5286396,4.71577303,7.3319531,0.00061455369,3.29203904e-05,1.008232
2.7485432,8.75352029,8.94003371,-0.000476360321,0.000871675089,1.00732732
7.31896777,6.07076135,8.66146418,-0.00320176408,-0.00178464688,0.996967554
3.62680594,7.45027106,5.80159589,-0.00719950721,0.0127169043,1.01473343
5.79467916,3.35668755,6.0078443,0.0040503256,-0.00844078884,1.01346099
6.88970552,1.24558919,8.34045422,0.00101723894,-0.00141003728,1.00804317
1.25382325,6.91332381,7.73237792,-0.00240530074,0.00124092773,1.00825083
3.87066118,7.84004635,7.47293957,-0.00117794424,0.00224336609,1.01067305
8.39553723,5.36557159,5.49015884,0.0122494958,0.0013179481,1.00946021
4.33261704,3.99226044,7.79542569,0.0161175579,0.0243554581,0.852414429
5.86336369,8.67859759,4.58208378,0.00264817849,0.0111988746,1.00483572
3.61203596,3.09423149,7.74399876,0.00220615417,0.00304998457,0.998990953
8.66500888,3.38460969,3.76725286,0.00911350548,-0.00377924368,1.00194871
1.08822319,6.47909511,7.73420575,-0.00243495777,0.000932727009,1.00825024
1.28769883,2.32715526,7.74653847,-0.00190824643,-0.00151112117,1.00757265
6.38028673,8.18088402,5.022941,0.00536489859,0.0122323222,1.00716949
5.33968132,3.59824877,8.93396643,-0.00441547111,0.0172852036,0.89942193
6.68826211,7.75162064,7.23743346,0.00221497938,0.00340648927,1.01116085
6.4937602,3.08847405,4.78139404,0.0190083198,-0.0244283527,1.00939429
2.42350668,1.68343464,8.85202427,-0.000651150942,-0.000812020153,1.00761926
3.45428815,5.00289141,8.33680225,0.0190193579,-0.000257655978,0.916125238
6.59763789,2.28778824,7.27739536,0.00196933001,-0.00289111584,1.01133382
4.52610526,2.03170706,3.77829767,-0.00273215026,-0.0172466487,0.999543607
6.09147385,2.18511187,8.60986255,2.52723694e-05,0.000684693456,1.0062691
4.92818892,8.14912306,7.70387157,-0.000119008124,0.00180175528,1.00995469
8.20586979,2.34438717,4.64566149,0.00717620552,-0.00581822917,1.00463474
7.04777437,1.17939129,4.03158549,0.00400381535,-0.0072279647,1.00287509
8.50038301,4.86825121,5.80810891,0.0102370642,-0.00029155612,1.00991833
5.90797811,6.74188738,8.35337294,-0.00481437519,-0.00994645059,0.966652155
8.90171259,2.8270455,3.77042107,0.00679339468,-0.00377285667,1.00225949
6.14889367,5.86486231,3.23288799,0.0261984095,0.0194084961,0.971641839
1.58166908,6.59295505,5.82472913,-0.00791060552,0.00368131138,1.00876701
2.41104469,6.24316227,6.83692449,-0.00481191278,0.00232650712,1.0129602
3.13105406,5.22205567,6.78925296,0.00713793188,-0.00143922493,0.990098357
7.72203332,6.60955152,5.20267083,0.0136108585,0.00815373659,1.00926375
1.27402891,7.24130611,8.82217952,-0.00113704801,0.000740054995,1.00757205
5.83809185,7.50751615,8.0490283,-0.000392559916,-0.00161323324,1.00415206
7.84140161,7.91827265,7.83422554,0.00176016614,0.00195782632,1.0084703
8.18700017,4.20620144,6.55926255,0.00696453825,-0.00163389742,1.01164997
3.88325397,7.78254831,4.46685063,-0.00737447664,0.0181297585,1.00451612
1.10512786,2.56834198,8.11584881,-0.00160358101,-0.00106619485,1.00749278
7.77302478,5.66643226,6.15952995,0.0108018033,0.00263890997,1.01461732
2.02128243,1.050868,4.46124189,-0.00368652493,-0.00496861711,1.00365889
7.88165452,3.82424116,6.27336708,0.00864652917,-0.00339568034,1.01269221
8.85330663,2.21023894,3.92842466,0.00571644306,-0.00395851955,1.00268269
7.27886216,4.85028304,3.70748116,0.0286332928,-0.00194525719,0.993409932
3.90365831,5.45602871,6.1135691,0.0398065932,-0.0171750411,0.878187537
5.05804861,7.06404655,7.2702884,-0.00027609244,-0.00647549331,0.992601693
2.14714456,4.56652042,3.07068831,-0.0144104958,-0.00214865804,0.99589777
7.06138339,5.98493109,7.35237898,-0.00213943422,-0.00150947273,1.00147748
8.43278072,5.37925259,4.36724524,0.0143260732,0.0016738493,1.00388026
8.27198084,4.53544941,5.24106627,0.0140705891,-0.00191840902,1.00880933
4.08401188,6.79934104,7.19608728,0.00283647329,-0.00635341182,0.990912855
4.91109814,7.26951905,8.37614201,-6.06775284e-05,-0.0065590106,0.988283753
6.66926534,4.76713267,4.11585367,0.0596745647,-0.00845558941,0.986493349
6.5862364,6.0444067,4.41385676,0.0450719558,0.0294686053,1.00028539
7.25287535,6.37900834,3.06722666,0.0141906142,0.00867073983,0.994197071
6.96799714,3.92086749,4.25993422,0.0318555087,-0.0174522549,1.00019705
7.52788967,2.02288958,6.44285785,0.00413975865,-0.00452066958,1.00911951
4.52843507,7.80168617,7.34973736,-0.000521890819,0.00225823373,1.0107137
5.69661797,1.64474467,4.09821326,0.00293629989,-0.013816651,1.00252223
2.05357594,3.78502073,3.9986326,-0.015147265,-0.00634880736,1.00133359
3.6896175,6.434703,8.86392622,0.00729455054,-0.00876032189,0.959847629
7.89652251,4.58061161,3.36007,0.0162031017,-0.00236015394,0.997223675
8.31878028,5.85520616,8.55001943,0.000850643963,0.000156614929,1.0079366
8.08484052,1.74205291,3.34114451,0.00517078117,-0.00510289706,1.00152814
4.55819718,4.34593797,6.75914379,0.0315152034,0.046079468,0.687634051
7.21635198,8.54886243,6.52143996,0.00305084139,0.00467203371,1.00816178
7.53653211,2.4085674,7.18110392,0.00303360075,-0.00271776505,1.0098983
3.79198276,1.44506039,3.59800495,-0.00349118561,-0.0102374032,1.00110233
8.01464369,3.40170121,6.17136829,0.00784059241,-0.00398926064,1.01093078
5.96080379,2.75571848,8.38166037,-0.00163182244,0.00415944308,0.996136129
8.60191611,2.99045543,4.1576819,0.00843024999,-0.00461032987,1.00315881
8.82946743,2.23252962,7.17766989,0.00294644013,-0.00182114914,1.00721574
7.6598689,5.2678602,5.31358031,0.0212943852,0.00217897072,1.01353514
5.95296158,8.84153515,8.6057603,0.000265624374,0.00120223872,1.00806093
6.23161786,5.87928886,5.83221027,0.00305531174,0.00134269521,0.994154155
2.3158396,2.98831921,3.71806402,-0.0110718794,-0.00846574083,1.0004214
5.65935326,8.54368509,5.72092654,0.00167919323,0.00966735929,1.00931835
5.18882495,6.52573113,3.90864828,0.00769612566,0.0592204183,0.974808514
1.5367281,3.08536019,7.26562844,-0.00310090557,-0.00186715275,1.00889063
6.07171761,2.13356348,6.26103998,0.00330520049,-0.00870161131,1.01336932
4.50444224,6.76615021,7.68446324,0.00338570774,-0.013323497,0.963773549
7.50429499,4.72842426,7.8185122,-0.00193636492,0.00021186471,1.00314033
6.12015269,4.69017298,6.04489949,-0.0436998196,0.0118500777,0.872959077
2.69702463,5.29880425,8.08688728,0.00496327505,-0.000958666205,0.993541181
3.06464295,5.30584292,3.55218745,-0.032215219,0.00501723588,0.985917807
8.78245879,2.16289537,6.74016712,0.00351684541,-0.00220831856,1.00714946
6.01604273,1.7239619,3.21716611,0.00348236039,-0.0110926069,0.999180853
6.50624272,6.03653709,7.67347224,-0.0111807734,-0.00807292759,0.962720096
3.3424722,6.69402531,7.21162994,0.000177457929,-0.000618685037,1.00629795
7.71740958,8.00364254,4.73430902,0.00659187883,0.00729949772,1.00504458
6.56456523,5.34419455,6.90287109,-0.0195485838,-0.00446439721,0.950494349
5.14074733,7.82484843,6.95539181,0.000263273716,0.00438223034,1.01269186
5.44760181,8.82071696,4.03489495,0.00126663968,0.0107981674,1.00256252
2.09209077,3.71695653,5.56377982,-0.012143489,-0.00555815548,1.01064169
4.84400534,1.22260367,4.98809646,-0.00041263923,-0.0110410713,1.00629115
8.7247556,2.12866861,3.81358057,0.00564387068,-0.00418864004,1.00243425
7.22094776,8.29910571,7.14075071,0.00229404867,0.00355566479,1.00896275
7.02667514,5.32596133,4.39882835,0.0448343568,0.00696209073,1.00139832
1.53615772,1.83683368,8.33597778,-0.00122471526,-0.00113049336,1.00729012
7.47888769,4.17100369,6.71185218,0.0054714568,-0.00185037777,1.01392567
1.51534952,4.00256021,4.8303377,-0.0118753426,-0.00353878364,1.00586367
2.15396278,6.04899934,5.08805502,-0.016529195,0.00612480752,1.00918186
6.3342935,2.76991987,3.73460595,0.0116748959,-0.0197075531,0.996821046
2.20312977,2.41848038,8.87886564,-0.000357870013,-0.00053518638,1.00781655
3.75807103,8.96608403,8.15441652,-0.000601183623,0.00181435235,1.00808775
5.76417909,2.86375472,4.58973146,0.0123680457,-0.0343304239,1.00645959
2.00127747,2.72777682,6.44246648,-0.00507656112,-0.00390059128,1.0094589
2.95376754,2.6098293,7.44829271,-0.00177620724,-0.00215082988,1.01054275
1.32003023,7.95777819,7.59124225,-0.00223106146,0.00182527676,1.00730908
1.9067446,5.9351213,6.58583418,-0.00660609454,0.00196462497,1.01185989
5.01695032,8.90086466,3.31207494,-4.1346997e-05,0.00948803313,1.00056386
7.48612855,4.65351841,3.5438332,0.0225383639,-0.00315136835,0.994911671
3.91884853,7.78632573,7.08517296,-0.00161325186,0.00392092392,1.01199079
3.45552018,4.46535089,7.35271756,0.0188105814,0.00630022585,0.943199754
7.23254192,4.46504029,4.93965858,0.0330392346,-0.00783824548,1.01310372
7.96353958,4.58088076,8.55623815,-0.000460941344,8.56369734e-05,1.00578284
2.45842868,5.60541373,6.9809849,-0.00329158828,0.000685431063,1.01169324
4.24364853,1.54516442,6.05560178,-0.00178606436,-0.00861429051,1.0101136
4.30633493,7.66875466,7.58447745,-0.000376366079,0.000723149627,1.00887477
8.60238873,4.0409839,8.77591309,0.00084676221,-9.80198383e-05,1.00779998
2.94693233,2.3581802,3.25888789,-0.00752048194,-0.00980040058,0.998702109
8.94651841,2.48137535,3.75932296,0.00600088388,-0.0037838351,1.0023644
4.6504549,1.4935163,8.63781036,7.15553761e-05,-0.000749982893,1.00825512
2.4717195,5.39316426,3.44885517,-0.0206428841,0.00318434462,0.994625151
7.2395427,4.16155936,4.47946376,0.030607231,-0.0114568286,1.00450933
2.81331626,3.25401068,7.09567475,-0.00266285241,-0.00222181901,1.01164675
1.79289686,7.22607819,4.55724024,-0.00883718207,0.0061895363,1.00447011
3.13466161,7.13371127,8.97125979,0.00120048597,-0.00168476254,1.00186896
4.75462145,8.45058947,6.68523548,-0.000496476889,0.0059848614,1.01101851
3.72754108,7.68332023,6.40939392,-0.00373923033,0.00761611015,1.01361358
8.99736701,6.71609894,6.9112579,0.00398793444,0.00168834254,1.00805247
8.28953668,3.206786,7.95213336,0.00208999217,-0.000845510513,1.00875628
5.96009681,7.5957367,6.26643268,0.0036784336,0.0095349066,1.01525152
3.13345051,2.32903363,5.53424053,-0.00745400414,-0.0105489418,1.0101974
6.6337151,1.906682,7.09290942,0.00224226713,-0.00376691669,1.01057351
4.17117647,4.59598239,5.08270498,-0.0599926449,-0.0287613645,0.892519891
8.68362778,3.39699599,7.76994707,0.00260569155,-0.000836450607,1.00853062
8.75153315,7.92856036,4.78738117,0.00540325418,0.00426193327,1.00441897
6.53194727,6.45655265,7.84574921,-0.00519471616,-0.00558668375,0.985458612
6.06793826,6.93453267,3.69913839,0.0145763457,0.026306048,0.992117345
7.53370205,4.08824692,4.62393517,0.0235731341,-0.00851047784,1.00630951
4.03234672,8.85065925,5.72989044,-0.0019488968,0.00788254663,1.00791514
1.31924393,6.6618129,8.94368543,-0.000991471112,0.000319005921,1.00772476
1.41702068,5.20378251,3.4107125,-0.0114650689,0.000565271825,0.99998945
8.68860066,3.42913659,5.55650183,0.00790566579,-0.00323755294,1.00735879
5.43466331,7.61975649,8.11350343,-0.000212587416,-0.00178462267,1.00398564
5.43835028,6.15179268,4.60115473,0.0477941558,0.123970091,0.989230573
8.0932009,4.28551113,8.50535238,0.000336546451,-6.39539212e-05,1.00735545
7.87330086,1.49201038,5.21144857,0.00466457009,-0.00541971996,1.0055753
7.80717374,7.03221136,5.15774452,0.0106556751,0.00774817541,1.0078069
6.03486015,6.02842443,5.20701819,0.0423414521,0.0410077944,1.02375722
2.1029047,6.16530395,8.03908874,-0.000936377794,0.000377081335,1.00867677
4.46461379,1.46211846,7.89557005,-0.000309925526,-0.00212378427,1.00937164
7.34589416,5.44740189,4.68285213,0.0322156101,0.00620155036,1.00785601
7.51838274,8.12260867,8.4184327,0.00108305365,0.00143678114,1.00811243
4.78000958,8.58575826,3.20794718,-0.000609874725,0.0107331257,0.999647677
3.00521325,2.63711432,8.54885566,0.000255346298,0.000147093087,1.00657725
3.40625324,6.31250076,3.52417484,-0.0229918845,0.0191123541,0.988143325
5.59499898,6.78289903,3.73307884,0.0126647614,0.0373443253,0.985523999
5.76972188,7.2543933,5.38315766,0.00849341974,0.0241443422,1.01751935
8.15423968,6.45562645,8.93225212,0.000277269632,0.0001847893,1.00710261
6.0407671,8.41785388,4.14782964,0.00378333777,0.0124104396,1.00289845
1.947047,8.16784565,5.69700181,-0.00466743857,0.00487713143,1.00679159
8.90354846,8.16292162,5.54393115,0.00413161889,0.00343092903,1.00548065
3.54535221,4.22188036,5.4873241,-0.0286539011,-0.0153352432,1.02270722
8.85272041,6.36130414,8.73215141,0.00115003064,0.00058593601,1.00774908
6.35114328,7.36320929,6.19946797,0.00581495836,0.00959926471,1.01570582
5.13194431,8.25049715,6.49923705,0.00013756007,0.00726412609,1.01203799
4.36860229,4.48437055,4.08728673,-0.111405849,-0.0906417221,0.879985034
6.78307586,2.12187584,6.18904516,0.00477338582,-0.00725962594,1.01128185
4.00382668,8.54877861,5.56940677,-0.00278259441,0.0096440427,1.00847912
8.18541528,5.61177617,8.55328932,0.000461023301,5.48474491e-05,1.00737739
7.16415941,7.207829,8.1364057,0.000638689846,0.000473571941,1.00831747
8.98621772,7.71352847,8.74857809,0.00120410696,0.00100195967,1.00699663
1.0704225,6.68551887,3.96686392,-0.00807041675,0.00344802439,1.00268388
1.85080546,6.21326038,7.53294807,-0.00277990475,0.0010266453,1.01017177
3.1259352,6.71892692,4.74082428,-0.0206126049,0.0189894177,1.00813556
7.57886344,4.8156267,8.26988898,-0.00259978697,0.000119272619,1.00080132
5.58227616,4.73748625,6.20179116,-0.0759401619,0.0342464931,0.553126514
8.57403315,3.9512661,4.88839085,0.0112780333,-0.00319286436,1.00594795
1.70242816,7.077966,6.60691112,-0.00485150144,0.00293154456,1.00922322
8.65586931,1.04028787,6.37494696,0.00266037881,-0.00257785432,1.00577438
3.18999369,4.81468921,3.0100522,-0.0226556882,-0.00238807872,0.98288393
6.88846656,3.15943492,3.92297509,0.0170089304,-0.0166314431,0.998598874
4.01209614,1.9450366,3.51760971,-0.00443019718,-0.0137353949,0.999216259
7.07049045,2.82368689,7.35341191,0.00206841528,-0.00206893682,1.01105309
8.44034782,7.91443754,8.51367015,0.00123643503,0.0013414491,1.00750458
7.20814837,8.14089739,3.91188,0.00631306693,0.00895082392,1.00221705
3.16425873,2.96123399,6.6086737,-0.00454523414,-0.00506587699,1.01401925
1.20214548,7.95103802,4.83022538,-0.00510413572,0.00399511307,1.00450313
4.91272891,5.3846143,8.58035769,0.00277940929,-0.012290135,0.728486359
5.78655995,6.10195063,3.44716675,0.0249026194,0.0344056822,0.965422094
3.79549149,2.75211182,3.51350293,-0.0102420598,-0.0190486796,0.994697332
3.19316682,6.23283685,3.5034845,-0.022524327,0.0154059604,0.990187466
6.9856,7.66777955,5.41970475,0.00803460181,0.0105533432,1.00953102
7.647277,7.53494507,5.70468038,0.00725983456,0.00680262223,1.0088743
3.96176235,7.11437709,7.77096859,0.00137484074,-0.00356291607,0.999057591
2.78111058,1.66914317,6.68155844,-0.00289815664,-0.00439537689,1.00889945
5.96063586,1.15387536,3.83521228,0.00250614807,-0.00967727229,1.00214195
6.87276785,7.32673977,5.98013605,0.00778011605,0.00935282372,1.01337135
4.03409589,2.8548272,7.23035581,0.000402454287,0.000588053837,1.0054208
5.96192494,3.07104231,5.23036331,0.0150739066,-0.0299060158,1.01942027
4.7868934,8.53581158,6.20423677,-0.000613454729,0.00795325264,1.01049519
5.34437117,4.22263375,3.87689459,0.0393676013,-0.0886997432,0.90340966
8.78385127,2.66364824,7.47660116,0.00278734788,-0.0014253296,1.00765586
2.22216917,4.81565113,6.00387825,-0.0126431547,-0.000972317532,1.01490843
8.07960352,1.02728015,8.77409931,0.000892065465,-0.000823773444,1.00677538
3.38607243,3.85818321,4.58873396,-0.0405581333,-0.0287679695,1.00550997
1.80121532,2.91778312,4.76740396,-0.00924087688,-0.00604326651,1.00526071
6.22838554,4.90211364,6.63651033,-0.0412995033,0.00323453173,0.867399275
5.51110529,1.46344079,4.67506999,0.00194331259,-0.0128478147,1.00536954
7.13318966,6.80113534,4.37858022,0.0176604427,0.0150204208,1.00359774
2.49023237,5.68352462,8.98379417,0.00345532224,-0.00106423534,0.996080339
3.57344611,6.09154842,6.64154564,0.00635007024,-0.00562138855,0.987267315
6.76936609,8.69368786,4.71659455,0.00417935848,0.00858549401,1.00480711
4.63027862,1.00437677,6.55178797,-0.000437539071,-0.00560927764,1.00891042
5.88155865,3.21528551,8.67806778,-0.00471252948,0.00964085758,0.965967596
7.11572946,4.51961598,8.87771576,-0.00797903538,0.00171416253,0.977128625
2.12262128,3.94293263,3.52354053,-0.0147738457,-0.00545008481,0.998436689
5.31603249,4.09941863,5.82513705,-0.0224471726,0.0654585958,0.772852242
4.71208061,4.19241306,6.2350986,0.0251438338,0.0694621131,0.695366621
8.35249147,8.9497868,6.58466106,0.00245336816,0.002909448,1.00631022
2.33626162,5.9936158,5.08292044,-0.0190333314,0.0070765838,1.01003265
7.11797862,8.16795864,5.29140956,0.00575544685,0.00851673074,1.00728309
8.04315659,8.1593945,6.53793487,0.0036569573,0.00374341011,1.00780416
4.44320649,7.83260254,4.57186611,-0.00415002182,0.0208386518,1.00552511
2.11254379,6.83144643,8.00456693,-0.00141720474,0.000949688256,1.00912797
5.65951333,6.0118572,3.14091299,0.017015744,0.0255708806,0.964801729
7.34482454,3.61675972,4.8234098,0.0205659568,-0.012154419,1.00839663
6.01176554,1.73786604,8.81129197,0.00037939474,-0.000269122422,1.0077194
7.1983198,6.77759985,8.91009419,-0.00133650377,-0.00130876154,1.00192356
3.70253907,4.03513857,7.1429365,0.0164234377,0.0120578706,0.945765138
3.18769644,5.23978215,7.49032899,0.0133737847,-0.00241364352,0.966544986
6.11127614,6.01047635,5.3519753,0.032666862,0.0287245624,1.0218941
4.18364348,2.81064669,4.80509902,-0.0116148181,-0.0315023772,1.00982189
2.41219334,4.73737712,7.17202148,-0.00204214826,-0.000422023237,1.01012683
1.94712285,7.44786677,3.30423638,-0.00735728443,0.00590491295,1.00052631
2.58657614,7.63771103,5.32533646,-0.00763409212,0.00857888907,1.0081408
3.41076232,7.4339834,5.23360611,-0.0100860856,0.0155107789,1.01111627
2.07853645,2.40555138,5.49063393,-0.0066344589,-0.00609186664,1.00747919
8.84663641,6.60892809,8.74482354,0.00115787983,0.000652201474,1.00764561
6.19457242,8.77787453,8.10017266,0.00057259202,0.00182856806,1.0084703
2.21820414,1.60259785,6.58394751,-0.0030749552,-0.00372744724,1.00778425
4.45056544,3.74878061,3.47302194,-0.0172317922,-0.0394423418,0.965264022
5.14382847,3.89223909,3.34383261,0.0053380765,-0.0392988808,0.955142021
2.36841782,7.60255468,6.91895055,-0.00352248177,0.00348468311,1.00999975
1.09931676,1.69990314,5.18654749,-0.00398590788,-0.00356610864,1.00478113
1.19914957,6.28704141,6.59082204,-0.00515957549,0.00180565752,1.00873661
1.30308888,7.66661977,8.0780443,-0.00179421529,0.00129350647,1.00747132
6.46243696,4.06953093,3.88502621,0.0415929295,-0.0264599584,0.983115017
7.88604434,2.34742289,4.21607338,0.00789213181,-0.00723433867,1.00338316
6.16426928,1.29980549,3.15018391,0.00281612948,-0.00875784084,1.00032091
6.16833363,3.72997048,6.04470777,0.00302411243,-0.00302636437,1.00597703
5.69008054,5.58439481,4.55340554,0.165727735,0.13940981,0.917990863
8.29076622,4.31864771,5.47530777,0.0124708191,-0.00252663344,1.00957704
8.71083512,2.5588281,8.85070218,0.00121331587,-0.000539120287,1.00722468
5.73502732,4.27492543,5.28890688,0.0131961666,-0.0120799392,0.918444335
8.86842948,6.36212551,3.71602688,0.00879402459,0.00310511701,1.00188529
3.5168377,4.14417189,8.95132622,0.0126191042,0.00727058016,0.93515116
5.84151441,7.68585925,4.74054203,0.0067717731,0.0211830661,1.0072602
2.66264189,2.77780931,6.88128567,-0.00375926495,-0.00370178372,1.01156938
8.88461853,6.93653004,7.23707403,0.00334334001,0.00169962272,1.00810838
5.06513016,3.61022678,5.3362256,0.00203118473,-0.0435531922,1.01436329
5.594558,2.23626557,7.75800948,0.000352568924,-0.000594107434,1.00862074
4.09010369,2.42618388,6.51175942,-0.00257181749,-0.00749253854,1.01450634
8.77388116,5.48568024,6.5236431,0.00624268875,0.000987228006,1.00955915
3.25695987,2.16188082,7.03434272,-0.00248334184,-0.00403394923,1.01105189
6.52128553,7.70917421,4.663807,0.00891401246,0.0157568511,1.00595355
8.72199126,5.94458217,3.3611104,0.00965965539,0.00259686075,1.00059581
7.22408492,2.8966811,5.98773586,0.00843201578,-0.00775003806,1.01297605
3.60195742,5.03750626,4.39176169,-0.0983736068,0.00275599584,0.984306991
5.62352974,4.03578058,6.29487413,-0.0261120833,0.0409031287,0.849061668
8.6215999,8.7406599,4.364803,0.0038356483,0.00408587791,1.0035485
5.25214371,3.27649903,3.92612824,0.007368505,-0.0494897999,0.983821332
2.17457317,6.02074329,7.87175433,-0.00110946968,0.000282041728,1.00887465
6.28334969,3.06954246,7.30623072,-0.000911492854,0.00158116221,1.00401497
2.85896712,8.82795992,3.15358277,-0.00357274711,0.00641915947,1.00101435
5.02496471,2.31417744,4.23899463,0.000348329544,-0.0244622529,1.00189614
4.0305665,6.85724722,8.55591921,0.00390103459,-0.00827437267,0.975462854
2.28695951,5.92772243,3.64313979,-0.0176179074,0.00605044514,0.998074234
1.62080105,3.68821891,4.07600851,-0.0117225386,-0.00463574938,1.00234091
7.13242297,5.10211977,3.30134952,0.0250363648,0.00106088817,0.98884362
4.61293286,5.87039045,5.60456667,0.0224863254,-0.0517508946,0.799599648
3.61049029,4.26969256,4.03412013,-0.0565737002,-0.0296908878,0.978468478
5.6830357,1.32462338,7.44062753,0.000708378851,-0.00330111571,1.00958025
3.22956536,7.30283672,4.47220996,-0.0127333514,0.0167215653,1.00465024
2.37518738,1.0489842,4.63622974,-0.00380046293,-0.00565234572,1.00404131
6.93282701,2.12511,5.1451837,0.00730679184,-0.010714978,1.0078032
8.59654108,6.84560866,4.72438501,0.0088648051,0.00462444872,1.00504088
4.23321933,6.93551267,3.41266284,-0.0100211166,0.0255179089,0.988218248
1.44010182,3.39902718,6.00826894,-0.00685571134,-0.00321772695,1.00851929
8.9308766,4.89050628,4.38645432,0.0107584596,-0.000260133296,1.00384474
6.36346507,5.87944658,3.89926037,0.0466059446,0.0297766328,0.979023278
5.58527325,8.24466553,7.317001,0.000488080084,0.00337666646,1.01083875
2.67388636,2.49789181,4.20510286,-0.00980751961,-0.0105208866,1.00285399
2.62664687,5.42340641,8.14492131,0.00399210304,-0.000987999141,0.996568918
8.50087999,8.59703516,4.89579774,0.00408260897,0.00418613665,1.00444293
2.32382744,3.57495501,7.28602562,-0.00275605917,-0.00159027055,1.01097465
6.65249271,4.28736617,8.65455541,-0.0128978938,0.00524503738,0.947225213
4.10870257,7.94705935,6.32233895,-0.00265243649,0.00848837942,1.01305735
3.24879586,3.15943239,8.87836734,0.00301912799,0.00300126709,0.994855225
3.7775624,8.72260612,7.67419137,-0.000898532569,0.0026334729,1.00880599
3.82309482,8.1482018,3.22235713,-0.00424868986,0.0114290677,0.998943865
1.44023345,6.79211087,5.75027299,-0.00716877356,0.00368184783,1.00791907
8.99635683,6.92606021,7.52211052,0.00280087069,0.00145837665,1.00790322
3.74426245,4.39106955,7.90919863,0.0221031122,0.0107199587,0.892314732
2.6399967,5.4421549,4.11760007,-0.0297817998,0.0055443272,0.998646677
3.10431315,8.48833833,8.80853097,-0.000474777073,0.00089055486,1.00785482
3.81045505,1.58982984,7.18816481,-0.00138328969,-0.00394995138,1.01015723
2.05840177,2.48056058,4.92707851,-0.00792276859,-0.00688174367,1.00577724
3.51136567,8.39430159,5.93622007,-0.00346630067,0.00786382332,1.0093019
4.59745187,1.20128377,8.24506517,-9.20258462e-05,-0.00166817196,1.00863242
2.90207406,4.55176186,8.15873178,0.0078128241,0.00146673061,0.983028233
2.32938338,4.57558984,4.86270885,-0.023616299,-0.00378966704,1.00870931
8.00636483,6.0823579,6.67358774,0.00622125715,0.00232564285,1.01215196
7.25916662,6.85364877,8.42719357,-0.000250976533,-0.000500820577,1.00563526
8.48013436,4.25526853,7.21978203,0.00410172343,-0.000693853945,1.01009035
4.23500242,7.80082952,6.70130111,-0.00177641213,0.00611403584,1.01338279
4.67378463,3.6175782,6.60381842,0.00639338791,0.026944235,0.924642384
6.26629334,6.45217439,7.48500307,-0.00662347302,-0.00826267898,0.976913869
5.65567833,4.77066936,6.41057778,-0.0677575618,0.0238373913,0.612024844
3.8776893,1.22753208,4.08560299,-0.00288641825,-0.00993169472,1.00294662
2.74095725,2.4950469,7.9777158,-0.00101274997,-0.00122763589,1.00914299
6.56880938,3.42889064,7.20958455,-0.00181316212,0.0020000115,1.00187886
3.16780724,8.77109563,7.71180924,-0.00110123679,0.00244424678,1.00831485
2.35246762,6.48939088,6.68316006,-0.00561920553,0.00316356495,1.01276803
1.65938943,4.4605696,8.13907315,-0.00141428784,-0.000396404415,1.00875437
8.13547893,1.43240996,6.30017679,0.00346214697,-0.00342795998,1.00687313
2.41473799,1.0426562,6.465373,-0.00244977698,-0.00382179394,1.00692952
8.99946081,3.95606961,7.61646014,0.00301043317,-0.000701233745,1.00842881
4.89837195,4.16840946,4.31292201,-0.0239839517,-0.197496027,0.880015552
2.34716096,3.61339192,6.91265832,-0.00440884754,-0.00254672021,1.01220286
6.88839398,3.48914899,3.91159924,0.0218791254,-0.0176110789,0.996764123
7.77919498,8.99040967,8.36960413,0.00106878206,0.00156906806,1.00709832
8.75239224,3.54279317,7.90101869,0.00236288831,-0.000673871487,1.00845969
6.21772741,1.17305188,7.18047566,0.00141973048,-0.00363796018,1.00898767
5.19899561,2.43608417,3.45677385,0.0015780516,-0.020620957,0.994877934
2.53683519,4.3071937,6.46824976,-0.00760092586,-0.00236636028,1.01510119
1.04594729,2.6700945,6.51938913,-0.0039138943,-0.00240087137,1.00724268
6.719764,8.52764217,8.34430273,0.000725738704,0.00153833441,1.0083586
3.52395637,3.15731894,6.60497184,-0.00320812315,-0.00407232717,1.01335073
8.37442771,6.00010307,3.55785821,0.0119007081,0.00352155603,1.00035596
3.96408064,1.49322,3.53912655,-0.0031702593,-0.0107414015,1.00059927
3.11303557,8.71064829,5.42833743,-0.00365301594,0.00717384741,1.00682116
1.94297479,7.83239973,7.7504231,-0.00203273445,0.00176302902,1.00835323
3.44429956,7.71282437,3.51067891,-0.00765907019,0.0131896734,0.99891609
8.20596075,1.46210971,3.24192039,0.00419069082,-0.00453256816,1.00161588
4.45611999,7.97109775,5.7700184,-0.00238026306,0.0129806884,1.01271451
8.23306574,7.08742411,4.23357122,0.00945781544,0.00608662888,1.00341403
1.73204373,3.35523118,4.7076378,-0.0109285377,-0.00563612953,1.00528216
1.18443548,5.91163659,7.5238263,-0.00315955654,0.000752272084,1.00887203
6.71269619,2.80612481,3.92393843,0.0132201128,-0.0168280378,0.999468625
2.5658734,6.10430984,6.48822819,-0.00706446543,0.0032290183,1.01488781
3.16115496,7.77586129,6.1024611,-0.0051937364,0.00785799325,1.01144528
1.69160029,6.9708071,3.6403739,-0.0089838095,0.0054144673,1.00139725
8.40702091,2.85384059,7.25813944,0.00335777923,-0.0017217733,1.00861418
6.95029749,6.09397776,7.21960291,-0.0018808879,-0.0016461648,1.00171256
6.98076638,5.76941746,6.92229759,-0.00174051523,-0.00117996335,1.00232589
7.51868793,6.30959515,7.15207634,0.00327479839,0.00147248805,1.01146269
1.9836749,3.86350732,3.29540094,-0.0125508569,-0.00475212187,0.998208702
4.31494291,4.82739869,6.81457434,0.0522809587,0.0132631995,0.65775609
7.52760058,2.82576921,7.46174203,0.00253344327,-0.00193737634,1.01034093
3.01265375,4.99858395,8.58896782,0.0107457563,-0.000288240612,0.965952277
6.22938342,8.33115155,7.06950288,0.00153539702,0.00427951105,1.01041675
8.72595568,4.74128406,6.23192027,0.00756085292,-0.000432338566,1.00956786
3.06567278,2.01241445,4.88653112,-0.00677159801,-0.0107292719,1.00619042
4.65210197,6.68512277,3.24557803,-0.00583596155,0.0286136437,0.9799999
2.96019635,4.98282125,5.59234964,-0.025989797,-0.000347645953,1.02275538
6.8946914,1.45028347,4.0419447,0.00478438661,-0.00863679126,1.00276697
3.34157188,7.15639696,8.88576522,0.00151236728,-0.00226080418,0.999989748
4.22252938,7.89921705,8.11255177,-0.0002325885,0.000263907015,1.00802183
7.30433171,4.53077796,3.02013521,0.0182485841,-0.00375331193,0.991475463
3.7021373,5.70884538,4.47067415,-0.0799614787,0.0436825715,0.993273556
4.86849361,2.81201824,7.38432836,0.000369362533,0.00414009206,0.997531593
7.06693515,5.7713139,3.51607517,0.0257252343,0.00951182097,0.99074465
3.00459476,1.5476435,8.54000306,-0.000743027776,-0.0011979565,1.00816786
6.95720426,6.94469132,6.65337528,0.00519089028,0.00468988344,1.01397073
1.84982023,1.52734653,7.25582364,-0.0021475181,-0.00240302831,1.00740862
3.01556581,3.1420018,8.57548164,0.00181685388,0.00159109756,1.00167465
7.67603659,4.415956,3.7657609,0.0207112618,-0.00444321707,0.998096824
1.98178173,7.42133237,6.97206926,-0.00363787264,0.00287173875,1.0092603
2.69175757,5.05337832,8.39011031,0.00579464063,-0.000457711518,0.989618063
7.79426028,3.39050335,8.55899829,0.00016098097,-1.73803419e-05,1.00735104
3.33365949,1.40641808,8.05497094,-0.000904031098,-0.00183725357,1.00860715
3.75671912,8.2805714,5.34754296,-0.00425808504,0.0111802518,1.00856555
3.98438509,6.77970803,5.87179696,-0.00868073106,0.014898682,1.02112281
7.21552744,8.93986013,3.47271423,0.00361841545,0.00633187033,1.00186658
7.51143249,6.54548902,4.21343229,0.0171424299,0.0106193312,1.00237334
1.89101703,1.41570705,8.89749811,-0.000843588263,-0.00091329962,1.00705254
6.62230727,3.08947046,4.25382776,0.0184801556,-0.0218211524,1.00148511
7.15692921,5.19533137,8.53117479,-0.00815451145,-0.000851869583,0.980190814
5.23104257,7.91573464,3.692958,0.00141981989,0.0180477686,0.99886471
4.96928539,2.23999603,7.38019595,0.000180453062,-0.00199992955,1.01032507
5.15836827,5.73872975,4.89825744,0.029003378,0.134368524,0.774166882
4.85262299,7.40762193,5.85789644,-0.000824455172,0.0167944059,1.01876056
3.69148846,3.89077038,8.72784363,0.0116200335,0.00980352424,0.936713994
4.20872699,3.02216411,3.50392504,-0.010431014,-0.0261661299,0.989027321
2.34307215,5.7125758,5.74220915,-0.0152307153,0.00398576446,1.01473701
8.38553067,8.73803599,8.11922661,0.00133461878,0.00153079443,1.00693166
3.55465845,4.25391115,4.40246085,-0.0652249008,-0.0335728191,0.99410373
5.57833269,8.96492159,6.23190569,0.00091727823,0.00647368655,1.00867748
8.61850106,3.78693489,3.71554928,0.0102251247,-0.00335209072,1.00153089
2.83626942,7.28391182,6.78983063,-0.00402928516,0.00427873805,1.01230383
1.39834294,7.36972087,5.96025667,-0.00535184145,0.00356427208,1.00732422
3.63322081,7.1700356,7.99698897,0.000912770629,-0.00195395947,1.00289989
2.65586535,7.18598612,6.48441594,-0.0054955408,0.00513233244,1.01231182
8.12771579,3.6367313,8.14887929,0.00138348714,-0.000581230968,1.0087086
8.54676288,8.84286022,4.76868089,0.00363219529,0.00399995036,1.00415552
8.17513869,7.71177697,6.78526706,0.00392631441,0.00329860672,1.0084362
6.66009312,8.82184004,3.37974891,0.00334209204,0.00774701126,1.00123465
3.81228758,7.892111,7.35830853,-0.00131803378,0.00295127556,1.01099968
3.00447162,4.35817623,7.6205304,0.00711030886,0.00196118839,0.987626612
1.31215264,4.12821483,4.22044917,-0.011240419,-0.00272159837,1.00310433
5.48643585,6.9393126,3.68365557,0.00856145844,0.0336031429,0.988008201
7.32772686,8.06569447,7.7485151,0.0017154254,0.00224551558,1.00886381
7.72930901,7.91520253,4.64142219,0.00692390651,0.00749991089,1.00476599
5.60188672,2.98579806,4.11495462,0.011358805,-0.0377438329,0.995799959
5.13420124,7.75671167,4.29308523,0.00111516565,0.0232197195,1.00273728
3.92931569,7.92588315,6.73389368,-0.00218413398,0.00580518693,1.01239848
8.0801493,8.24498443,5.13962826,0.00510761887,0.00547214597,1.00548804
7.60871056,8.58771385,3.39813806,0.00441499427,0.0060953889,1.00154269
7.6342455,5.64202569,8.82677487,-0.00244761258,-0.000823231414,0.999976933
8.83337778,4.91642488,8.41335908,0.00172022358,0.000123947859,1.00821722
7.28133523,6.91208664,7.3594158,0.00251270086,0.00187820382,1.01082957
4.15124083,8.51963748,8.81631252,-0.00014039129,0.000559983775,1.00780594
5.75101307,4.61511414,5.85554218,-0.0781421959,0.0400311016,0.685938716
6.40055801,6.109307,8.80134572,-0.0105089396,-0.00852717832,0.944159448
3.83406218,2.5884668,3.96818965,-0.0101057217,-0.0208888985,0.998981655
8.07157523,1.05042522,4.80436647,0.00383848324,-0.00457219034,1.00434232
8.94844809,5.9001038,5.05380592,0.00928038731,0.00212500431,1.00607896
6.41263679,7.84256826,4.4960782,0.00776929408,0.0154730305,1.00468624
7.07403554,3.36983645,4.82973206,0.0199984796,-0.0157175958,1.0089314
3.7882876,7.66776411,3.64725617,-0.0074067004,0.0162308402,0.998621881
5.80380677,5.69421555,6.13654061,-0.0438741557,-0.0378698446,0.815973997
5.21287248,2.44617313,7.35679373,0.000315193087,-0.000816047192,1.00859702
7.16073695,7.04092187,3.98849253,0.0140505098,0.0131735634,1.00069714
8.40670148,6.57118074,8.2121385,0.00166528299,0.000711709261,1.00844646
6.31264801,1.73448795,3.60997825,0.00473502651,-0.0114470683,1.00076342
7.24309059,3.61117717,7.17180194,0.00192412362,-0.0011385195,1.01082706
1.96719027,6.59873583,3.38225397,-0.0109165572,0.00580449775,0.999515116
5.92901737,7.85933147,3.32501706,0.004753232,0.0144799873,0.997530282
2.72801771,6.51421895,3.17900433,-0.0138525143,0.00928683579,0.995193899
8.97551799,2.4567464,8.94720865,0.00120402128,-0.00040173158,1.00691819
2.8227675,7.3972832,4.22252829,-0.011011716,0.0120550506,1.00286484
6.39104906,8.4396365,8.57023674,0.000460308045,0.000974193215,1.00824988
1.85939696,8.73385282,5.93446103,-0.0032087937,0.00386277214,1.00599957
8.52468401,5.60671522,4.89070272,0.012744572,0.0022573974,1.00634789
4.1187086,2.21919,7.26807122,-0.000928979367,-0.00306848809,1.01116145
3.00175524,8.72049968,7.97040168,-0.00104372576,0.00197812729,1.00808978
3.86433326,6.92146237,6.3038708,-0.00453418493,0.00721281022,1.01629961
6.57043013,4.48730363,6.04342298,0.00050104782,-0.000289322808,0.999037266
7.66248887,5.46658307,7.66187474,0.000333864242,-7.38874078e-05,1.00754833
1.69243084,7.83653642,8.11487368,-0.00161710382,0.00142091513,1.0078491
6.77888055,4.24386823,6.79653382,-0.00523962826,0.00219696574,0.994689822
4.21025411,5.50322165,8.54047298,0.0189007185,-0.0119284987,0.809523106
6.88137627,6.34651266,5.39912597,0.0218602233,0.0153228063,1.01858878
3.48290734,5.1066707,8.32602057,0.0193149857,-0.00160970539,0.912223756
8.64994716,5.00701117,5.61209379,0.0103045218,3.8407743e-06,1.00868404
5.57658083,8.50818229,3.4364796,0.00182136521,0.0114716962,1.00013888
4.62086486,1.89235383,6.82388217,-0.000597514212,-0.0057736896,1.01219761
6.22963085,3.3929554,7.9518863,-0.005934719,0.00787951238,0.977800608
5.67126393,5.82539848,3.82749378,0.0509340651,0.0618095808,0.936468542
3.17958096,3.77578549,8.71102289,0.00665154308,0.0043339394,0.979949117
2.26629972,2.40951411,8.24157049,-0.00112773478,-0.00112110376,1.00856185
2.5640164,8.11728409,6.09648373,-0.00435662642,0.00569893047,1.00860858
5.06454014,2.28713181,4.23781062,0.000676255673,-0.0239088684,1.00197005
2.8797355,2.6173992,7.51536792,-0.00171549246,-0.0019989498,1.01026201
6.5526559,7.10692929,8.20365115,-0.000927057117,-0.0018029958,1.00233674
4.18361437,1.26524924,7.02748708,-0.00098720938,-0.0044160597,1.00942874
3.92430146,2.21902103,3.98288097,-0.00678631291,-0.0175267421,1.00073671
2.09514188,1.94842911,4.21149579,-0.00611301139,-0.00650059059,1.00317824
2.35091018,7.54299517,5.10833156,-0.00816776976,0.00802547112,1.00702524
3.42102021,5.36354094,6.97058254,0.0187342912,-0.00506980345,0.951616883
2.96930503,3.81827191,6.46462769,-0.00588739291,-0.00353585556,1.01474905
5.04657449,1.60985068,6.12339967,0.000278256834,-0.00900990143,1.01099741
2.71014445,8.40286761,6.54232399,-0.00302303955,0.00454893522,1.00862586
4.97899836,3.9422217,4.93903831,-0.00233767927,-0.122481048,0.978819609
5.22775877,5.08900841,3.83842522,0.0511268377,0.0195936114,0.788232267
7.3494948,7.82104932,4.74159811,0.00789422914,0.00948169827,1.00544
2.47646923,4.62948164,7.63839655,0.000818632543,-9.13050026e-05,1.00530422
8.81438387,8.84505263,7.04045636,0.00203254074,0.0021834448,1.00633752
4.93561418,8.11797514,6.65012565,-0.000196486712,0.00654936209,1.01247156
3.27022799,5.01502966,7.45286673,0.0164706632,-0.000553419814,0.955105722
4.06575018,3.24753982,8.02715804,0.00504069775,0.00957818516,0.972872913
2.15196041,2.84389797,3.00713409,-0.0079728663,-0.0061410293,0.998990774
3.87162669,2.52520612,3.01884173,-0.00638730824,-0.0141172297,0.994642377
4.96095055,1.78712618,7.24183572,8.56630504e-05,-0.00378487259,1.01125431
8.03400806,6.84344928,6.59647441,0.0056419,0.00342475623,1.01042223
4.9679064,4.96987116,6.75212448,0.00343964808,0.00408257917,0.471518695
4.37558346,6.13169159,5.97312994,0.0119851306,-0.0226619802,0.930545926
2.58144022,5.36669515,8.32690635,0.00397911295,-0.000854086131,0.996030509
1.97013078,6.90718734,8.88249427,-0.000464297831,0.000393602997,1.00760305
2.68203335,5.07699146,6.42438607,-0.00711239129,4.27886844e-05,1.01498544
5.56265339,7.5100936,3.1107006,0.00378101319,0.0169961806,0.993825734
7.51769703,7.1761415,4.4386726,0.011899177,0.0102175437,1.00425458
5.80996978,2.10806231,5.38365139,0.00444479287,-0.0154577978,1.01125646
8.30337669,1.54177636,4.74679258,0.00480648503,-0.00473275036,1.00443673
7.60125826,5.37036215,4.56814769,0.0263489597,0.00372906402,1.00566185
3.42453974,4.41778307,8.72104052,0.014551796,0.00531877577,0.932363868
3.46442334,7.34063929,6.48314891,-0.00454235449,0.00672195479,1.01459229
4.31618951,4.59871847,7.8167638,0.0261551049,0.015756581,0.752210021
8.00684665,2.49641167,5.28497568,0.00754581764,-0.00609521195,1.00686347
7.36453218,1.85647947,8.39397954,0.00126123428,-0.00106494129,1.00829089
1.33572803,5.45057201,3.9753382,-0.0118865743,0.00153956562,1.00215852
6.01614429,1.55385872,5.16241161,0.00350026414,-0.0114393644,1.00741279
5.94869077,3.70191252,8.98925426,-0.00961613655,0.0126193278,0.922182143
1.83406632,6.44739336,5.52699339,-0.0102971122,0.00463700667,1.00910771
8.19825963,5.17689737,4.81587082,0.0166578032,0.000924702734,1.00685239
5.48047329,5.74293057,4.82120576,0.0959060639,0.146959618,0.911251605
8.2662083,5.32462004,6.68688483,0.00650081784,0.000788722187,1.0117172
7.40502582,8.61208516,5.17866792,0.00434277952,0.00654790178,1.00581765
5.72151553,3.78571984,5.24869907,0.0281873532,-0.0468913205,1.02051997
4.75583099,2.05051878,7.32897344,-9.60603356e-05,-0.00303267688,1.0111748
5.56966362,1.19574378,7.33492209,0.00073620677,-0.00349840708,1.00932705
5.75018632,7.71426747,4.57094664,0.00607348606,0.0217254311,1.00567055
5.59622254,5.71507197,6.47370806,-0.0401709266,-0.0474096127,0.740936577
3.29724146,1.50585905,5.31840018,-0.00419178978,-0.00871485844,1.00698328
5.47083645,8.61078502,8.85342518,8.09282064e-05,0.000558746979,1.00772738
2.82592742,5.76001463,8.26353086,0.0052713193,-0.00219134055,0.990704
5.76277908,4.1925625,3.44545393,0.0315358602,-0.033207912,0.951957285
6.0213128,1.08380447,8.93220031,0.000409241766,-0.000878091902,1.00780725
2.12688937,6.10565118,5.73712395,-0.0122011229,0.00470910035,1.01209724
6.52578814,3.34191476,4.74294688,0.0248528793,-0.0270378739,1.00959826
2.16334239,7.10331809,8.37778128,-0.00104711577,0.00080383569,1.0085398
2.99403795,3.64778491,4.64392919,-0.0261775628,-0.0175815187,1.00658786
4.7494104,4.6707046,5.39717779,0.0397363789,0.0501027517,0.10040687
6.07291092,2.29283726,7.62539432,0.000734951347,-0.00135779567,1.009951
1.27144466,5.88326177,5.4277808,-0.00943606347,0.0021409858,1.00752115
4.91260926,2.49289288,7.84508489,0.000254038721,0.00209702179,1.00298345
7.07284138,7.50573146,6.35084533,0.00552009046,0.00656970218,1.01192927
7.74569281,8.44484162,5.21689719,0.00472581387,0.00601160154,1.00579011
1.97299781,3.23950862,3.48042448,-0.0104300678,-0.00621750206,0.999854684
7.09376204,1.93728753,7.76081328,0.00157607719,-0.00198873878,1.00930834
5.68558476,2.42250998,6.21941691,0.00284444913,-0.0104287565,1.01599741
8.62405111,5.18927764,5.22162878,0.0117394477,0.000604469329,1.00753868
7.84131304,6.4876792,7.50480253,0.00260266662,0.00131210312,1.01027513
1.26463462,1.01375374,4.91698951,-0.00307987258,-0.00356394798,1.0040772
2.80578964,8.62550964,3.00597518,-0.00389182195,0.00641792268,1.00055265
3.23737155,7.91222773,4.23174051,-0.00756718591,0.012518432,1.00321114
6.13292851,6.2124509,3.92369172,0.037316259,0.0396444425,0.980839968
2.17912355,1.31683626,7.57288016,-0.00159888342,-0.00218557939,1.00759244
4.55059593,3.77643045,7.02947085,0.0117810816,0.031749744,0.879239857
7.7864422,5.69093605,3.08954405,0.0146085396,0.00354668498,0.995985329
6.50809599,4.89732615,6.79199937,-0.0240973085,0.0015390683,0.937767684
2.98288102,6.40399626,3.97964835,-0.0227732584,0.015906889,0.997704983
6.87900273,7.26234499,7.20838194,0.00258612633,0.00267871656,1.01158917
2.04391158,4.03981467,5.59668982,-0.0130782016,-0.00441166013,1.011271
4.83507407,8.95984601,7.53011388,-5.43482602e-05,0.00301796384,1.00884879
4.2212189,4.91742008,8.94671754,0.018089667,0.00233309157,0.79711771
4.6648085,6.76513035,7.03846733,0.0022018142,-0.0123277977,0.974401772
8.14432724,1.63363285,8.69381386,0.00109438226,-0.000814750791,1.00721312
3.57054169,8.98362367,3.27226604,-0.00274746493,0.00760538504,1.00099432
6.14835683,2.20803374,8.9915446,-0.000265885144,0.0013261959,1.00471163
8.60344196,4.55236631,5.9223612,0.00916040316,-0.0011431016,1.00953519
3.3123838,7.8896224,3.71210806,-0.00709204003,0.0120674521,1.00052404
6.61149179,6.58267303,6.4332145,0.00529134646,0.00444525108,1.01458502
6.89786122,6.23454968,7.06310973,-0.000281341374,-0.000853221864,1.00502288
6.61522073,8.28582196,7.09379138,0.0019017607,0.00397552364,1.01004875
7.21287344,2.38652869,5.84777572,0.00686836988,-0.00772732124,1.01044691
7.22678027,2.81719516,6.1387204,0.00728867948,-0.00679761171,1.01278841
4.67383094,8.00580967,3.94898598,-0.00202674791,0.0180901326,1.00078928
4.6356147,1.9039652,3.45635228,-0.00169678777,-0.0148226656,0.998598576
1.29290598,8.93129518,6.47613016,-0.00242835656,0.00255825371,1.00585675
7.40353025,8.678456,5.86642491,0.00355263427,0.00544838421,1.00703502
7.7965161,1.37703311,8.96368434,0.000858403742,-0.000660333782,1.00714767
8.22857161,7.55646905,7.14352299,0.00325964764,0.00261401758,1.00858402
3.79042971,3.59670985,6.85596041,0.00583821908,0.00683809072,0.985680938
4.66316153,8.16414548,3.46166291,-0.00160459429,0.0143851507,0.998984993
6.09283458,6.0135074,5.46014026,0.0243554115,0.0216756687,1.01627326
6.60878323,2.8522045,7.20684817,0.00143708289,-0.00169574097,1.01110303
4.23386642,2.95761521,8.69911898,0.00283238664,0.00752769969,0.97951299
5.53692596,7.6642893,5.92513807,0.00282052904,0.0136414599,1.01591098
3.82778749,6.04891587,5.91199479,-0.00221312791,0.00111708231,0.997217476
1.62199519,1.19089582,7.79689937,-0.00141686201,-0.00175072812,1.00676847
1.99470134,7.60928812,7.79210119,-0.00203093141,0.00175333954,1.0087018
2.22107247,8.79756353,5.28244628,-0.00378391892,0.00510677323,1.00549185
3.65231003,2.06862217,7.72291374,-0.000907015055,-0.00189409405,1.0098691
7.6617918,4.21002285,4.10689405,0.0216599144,-0.00635996833,1.00105929
5.46869684,4.60597163,8.18592608,-0.0175047182,0.0146393422,0.734688044
5.50618885,1.21042117,6.41489043,0.00109503791,-0.00631598011,1.00941718
1.47944727,6.93672469,5.73163304,-0.00689007342,0.00390305929,1.00774419
4.78463819,8.03312468,7.23915112,-0.000406112522,0.00331939757,1.01138234
5.13226004,7.21513543,3.08908909,0.0013063103,0.0205746591,0.989783406
3.39286472,1.32298071,6.14627254,-0.00273815915,-0.0061975345,1.00842094
2.2584813,7.49364093,6.9979944,-0.00346684828,0.00316902436,1.00994253
3.5477693,4.34999768,7.93962165,0.0181566551,0.00798268989,0.926456213
2.34685837,1.03268194,3.63702662,-0.0035857968,-0.00547082722,1.00217521
5.90016902,1.1108125,3.44656616,0.00205982849,-0.00902122259,1.00112236
2.18851878,6.03705266,3.53609111,-0.0154787339,0.00570624694,0.998319387
3.6107089,5.21141136,3.90429973,-0.0662210733,0.0100632086,0.966868699
4.23169833,1.02654329,3.80134576,-0.00178698078,-0.00920325518,1.00209785
1.66979193,1.34830175,7.59751646,-0.00163267553,-0.00189345516,1.0069586
5.91839362,8.21363473,8.5413164,0.000179570168,0.000460065901,1.00803983
4.44656603,2.3492889,5.64592891,-0.00349666551,-0.0167635307,1.01489592
1.80360623,2.41957809,6.99668906,-0.00327906013,-0.00258922204,1.00858283
2.43985948,5.45409061,8.25348577,0.00229374319,-0.000557411462,1.00129926
4.80436191,3.43542288,4.9180549,-0.00911874324,-0.0736406744,1.01993203
3.20771975,8.85585536,6.99768305,-0.00162951276,0.00379961543,1.00833535
6.58908799,4.10606541,5.94656411,0.00987233594,-0.00554164872,1.01534402
8.49632792,4.27316721,8.84324865,0.000722017139,8.86619091e-07,1.00767922
4.96311025,8.53297372,7.73634025,-2.74144113e-05,0.00237582438,1.00960016
1.11602,5.83247465,5.99734995,-0.00716879591,0.00151440687,1.00822926
4.01061147,5.88267393,8.23842929,0.0170368478,-0.0156496912,0.878852785
6.54372077,1.68170477,7.07956386,0.00205748901,-0.00381957926,1.01007354
6.94388018,7.4404701,7.79908484,0.00130240619,0.00128549524,1.0095489
3.59497264,8.57531643,5.49485322,-0.0034032315,0.00872769952,1.00783587
4.40162817,1.74501299,3.8430364,-0.00257421657,-0.0144159049,1.00101674
6.97557631,7.56103135,4.41326446,0.0102221072,0.0131783411,1.00417459
8.93239797,3.41403686,5.00713333,0.00796747208,-0.00317904912,1.00559306
8.16362967,7.28203777,7.28759429,0.00313756242,0.00234338641,1.00911474
8.26024186,2.07197582,8.11901941,0.00178746879,-0.00109371543,1.00772631
4.4441387,7.72869946,6.84173329,-0.00112681836,0.00501415133,1.01321685
1.23326169,8.39563324,6.68620963,-0.00273480639,0.00254135579,1.00644422
7.40761942,5.31395255,3.39866468,0.0221583471,0.00280592591,0.993294656
5.43609369,2.35164864,5.62836838,0.00303761661,-0.0173248127,1.01527822
2.7691138,2.81060825,4.5447869,-0.0126053654,-0.012458805,1.00482106
8.3823952,2.22154712,7.45633903,0.00258768722,-0.00180267915,1.00786781
1.23282994,1.16481973,4.14117656,-0.00354326889,-0.00373329595,1.00302696
2.73889834,7.69326096,3.27863192,-0.00738789514,0.00869920105,0.999497354
1.24480172,7.39114418,4.74797963,-0.00662223995,0.0042379871,1.00458288
3.16426065,4.67088573,6.83300272,0.00835809112,0.00106793828,0.987296164
6.98100654,4.05050491,8.07495921,-0.00634850562,0.00293472596,0.987721026
2.91517284,2.24692378,4.73212061,-0.00830050185,-0.0111185201,1.00560737
5.83472605,6.12612159,7.4647641,-0.0158977509,-0.0218028761,0.896391034
7.44245032,5.70520576,3.35601276,0.0196748301,0.0056470558,0.994265616
4.81847946,5.10464282,8.78566487,0.00566530414,-0.0029024817,0.726586759
8.21543453,8.4788022,7.6386462,0.0018793866,0.00204002671,1.00733292
8.81542065,2.89420981,8.62643853,0.00137420744,-0.000597793609,1.00737953
1.43671631,1.78931914,4.34077598,-0.00496148318,-0.00451339781,1.00351882
4.70396395,1.65390169,3.07745999,-0.00099452585,-0.0115278773,0.998444378
1.55947651,3.74990811,5.17563123,-0.0106102861,-0.00401987135,1.00714815
7.46115843,7.93612216,7.38685987,0.00234759226,0.00282521546,1.00927937
6.88309556,7.78935892,6.38043786,0.00454971939,0.00649083592,1.0113821
3.65352595,5.42045106,5.17966418,-0.060243424,0.0183899999,1.02208126
1.34917524,6.12308749,5.0845109,-0.0100924298,0.00309340842,1.00652516
8.32759429,2.87700726,5.58032489,0.00753380358,-0.00456180423,1.00752032
3.86290561,6.65954917,5.04388292,-0.0241740346,0.0354405716,1.01838219
6.83439461,8.69071818,7.94436748,0.00100485981,0.00214655139,1.00829959
8.62844617,1.25481048,5.51017346,0.00357063487,-0.00338880159,1.00508285
2.35741497,2.39549001,8.00819401,-0.0014023371,-0.00142222643,1.00892401
5.65415838,7.79970372,4.52726122,0.00492480397,0.0209300555,1.00516105
6.67066669,8.88882802,7.55508886,0.00105195493,0.00268936343,1.0082401
3.14059952,2.06132158,7.94213991,-0.00105931982,-0.00166120008,1.0092802
3.59558353,2.95617813,8.03605014,0.00179469958,0.00262877904,0.999914169
3.45750556,8.98905895,5.13435272,-0.00288346037,0.00759284943,1.0058279
2.85136623,1.32290663,4.68947192,-0.0043342486,-0.00749588758,1.00457358
2.699543,1.24923517,7.3962404,-0.00179374591,-0.00270647556,1.00792468
4.2946642,7.49200286,6.12405872,-0.00336002931,0.0115899518,1.01678002
1.00162205,3.46571708,4.03363114,-0.0080662705,-0.00322899967,1.00281632
8.44446415,2.38021559,4.70024441,0.0068343617,-0.00495026261,1.0046469
8.34914501,7.31821372,6.69619059,0.00447950512,0.00307723507,1.00863135
4.82452905,6.91433371,4.23041731,-0.00424433872,0.0489888191,0.995140612
6.39439051,7.60706677,4.7076494,0.00958095491,0.0177000295,1.00665307
8.10171535,1.52461998,6.57375012,0.00317985564,-0.00314528868,1.00719774
1.72115504,6.35843354,4.00819443,-0.0120162889,0.00505346432,1.00218225
5.5318314,6.8886261,6.52456711,0.000368211418,-0.000316461548,1.0040375
8.59593266,6.94987338,8.69598592,0.00107649341,0.000690713525,1.00779641
3.38641463,8.35862121,8.10659173,-0.000858586282,0.00157679431,1.0088172
6.77914367,4.83997922,7.45437333,-0.0148348846,0.00128142536,0.96260947
6.54788713,4.23084425,5.84754657,0.0115481839,-0.00564123318,1.01449776
3.40799981,1.09644159,3.83929135,-0.00330003351,-0.00805031508,1.0022676
2.71958942,2.02330618,7.27959984,-0.0022643432,-0.00302068517,1.00942647
7.0327789,2.68434127,6.66524675,0.00449348986,-0.00490375608,1.01284885
6.45521235,3.28483132,7.52616048,-0.00263108686,0.00319239497,0.998246074
8.57215162,1.75425705,4.53788805,0.00502442196,-0.00427527726,1.00393009
7.20075574,7.62247301,4.5738814,0.00941545889,0.0111781694,1.00495827
7.74739357,3.26839264,7.92295012,0.00135621801,-0.000837087631,1.00925636
2.77993547,6.36090748,4.82522208,-0.0223469101,0.0137025043,1.00879526
6.93263218,8.73674756,6.87871168,0.00195673481,0.00399444066,1.00839186
4.0331655,1.91691973,3.08116765,-0.0035680756,-0.0117908977,0.997836053
4.63281208,2.27901962,7.46553856,-7.1041286e-06,-0.00153837726,1.00960326
7.75040989,3.17486074,5.38232697,0.0112619102,-0.00733587518,1.00939655
8.96724742,7.19950561,8.31880295,0.00174377859,0.00102020055,1.00746489
6.54441602,4.45762191,6.92301913,-0.017417293,0.00618794188,0.956294894
5.50567565,8.07877335,7.19269079,0.000551659614,0.00364813209,1.01145852
3.12381934,5.75737615,3.25576052,-0.0236263424,0.00944049284,0.986517549
4.93543492,6.46097593,6.96619147,0.00115931779,-0.0265899636,0.920859337
5.8982556,6.58662923,8.27827847,-0.00659404695,-0.0120401829,0.953337848
6.40032131,3.96884442,8.2959835,-0.012786489,0.00916898996,0.943542659
7.55449982,1.94746487,5.40354092,0.00602154806,-0.00680042431,1.0070864
4.10880426,7.99169607,8.92949857,0.000253882259,-0.000852055848,1.00566673
2.14251541,5.13094882,5.49368219,-0.017068211,0.000645210966,1.01272798
6.15023598,3.02142639,8.4268345,-0.00309282541,0.00540035963,0.9889521
6.61243381,2.78826334,7.78599425,7.91586936e-05,0.000208240002,1.00768709
4.42784381,6.11545998,7.70024335,0.0130113289,-0.0258548371,0.86215204
3.71852872,2.73950499,4.18122737,-0.0127510987,-0.0226328038,1.00065148
7.4290097,8.01778962,3.56902788,0.00638540834,0.00795456208,1.00120687
4.45309736,2.80749047,8.00671319,0.00137142092,0.00547007844,0.991863787
4.77371353,5.54958351,4.1393124,-0.0681543648,0.166299179,0.790102422
5.12578637,2.18979061,4.74508408,0.00109805539,-0.0221493915,1.00726652
1.59918338,2.45101886,6.73731398,-0.00369522348,-0.00289021432,1.00817847
2.08366859,2.88168542,7.61651373,-0.00220132247,-0.00165851414,1.00947809
6.7163854,6.87747473,8.50404992,-0.00200205296,-0.00274933875,0.997934401
6.46549809,1.40864541,3.71270104,0.0039985925,-0.0094383806,1.00171661
3.3624482,7.08944458,3.77463824,-0.0138337798,0.0177332908,0.997592509
5.52568672,6.94281512,8.31008975,-0.00255921856,-0.0100598186,0.971604049
2.84768909,6.23122436,6.32296874,-0.00805210695,0.0044773519,1.01632357
2.3406532,6.67869261,5.70341917,-0.0107751749,0.00682172552,1.01159596
3.38909249,4.60938674,4.38771118,-0.0681497008,-0.0164686255,0.994469583
3.33365014,1.81250488,5.81736665,-0.00443080813,-0.00844942778,1.00950444
7.80697089,2.6657679,7.81835177,0.00206469372,-0.00139490701,1.00919783
1.42170583,2.91461688,6.98596222,-0.00365208089,-0.00219323486,1.00844514
1.81505539,5.00924449,4.37867142,-0.0171665959,-3.44384462e-05,1.00384164
5.06260099,6.56373897,3.03226282,0.00118726492,0.0252329744,0.977343738
3.01833727,6.30285538,3.52577564,-0.0203611441,0.0134761445,0.992965341
5.16321645,8.93758829,6.63324105,8.53389502e-05,0.00542025641,1.00910509
6.58354291,7.36292386,7.98099991,0.00027891621,-5.86975366e-05,1.00750089
4.96321121,3.41749247,6.93643334,0.000542849302,0.02055512,0.946349204
4.41766934,7.67134347,4.88627241,-0.00503950566,0.022666052,1.00901544
4.9799432,6.85144536,3.59345935,-0.00026248768,0.0361439064,0.98375231
7.29200155,6.0928062,8.88686764,-0.00348128378,-0.00197147019,0.994810641
5.7184262,6.96048367,8.7480708,-0.00303899497,-0.0086860694,0.972742736
8.47703203,6.75191854,4.79566559,0.00975525007,0.00496473536,1.00550425
4.41817717,7.63309359,4.74262612,-0.00537852943,0.0238834098,1.007671
8.49922033,8.10179094,8.69069778,0.00112367421,0.0011634659,1.0071708
7.41673989,2.94233684,7.32656851,0.00272909924,-0.00215180963,1.01095223
2.54428184,8.39587773,5.23531486,-0.00488498807,0.00674329698,1.0061121
8.63786111,7.69546412,7.3911287,0.00268470123,0.00205565989,1.00776982
8.20281177,8.328304,5.76910923,0.00419943407,0.0044676736,1.0064503
7.99467521,3.61836298,5.18277282,0.013165012,-0.00601078942,1.00852275
6.139315,4.05610313,6.71230146,-0.0192973204,0.0160702504,0.934547961
7.08610866,1.04693867,3.71043512,0.00364695489,-0.00665425137,1.0022558
2.12930301,4.79307428,7.39731376,-0.00240993127,-0.000222045928,1.01038766
6.33528038,3.48320742,7.39104454,-0.00529250503,0.00606803782,0.987375557
7.00422942,1.92693143,8.44988308,0.000836223364,-0.000980179757,1.00853705
8.44611824,2.78579021,5.54128307,0.00708687305,-0.00425969623,1.00702858
7.56532928,1.94272273,6.68248401,0.00357481465,-0.00389716029,1.00895607
1.03670552,4.22468356,7.40180089,-0.00329403579,-0.000730853528,1.00859511
8.38802379,1.00139539,7.97201234,0.00149115548,-0.0011880286,1.00660777
5.24773324,8.73723831,7.58566934,0.00011498481,0.00282713957,1.0092926
6.34145859,6.73353547,8.96734621,-0.00455295295,-0.00637074187,0.977723956
1.36007752,3.97175489,6.49473609,-0.00598651171,-0.00177580863,1.00951207
6.00165781,3.97988314,6.84805911,-0.0197555646,0.0202598684,0.917865157
4.73037514,8.41520196,7.289685,-0.000356271863,0.00358729996,1.01046371
5.89772416,1.18074668,4.38612126,0.00250710919,-0.0103170015,1.00401485
4.01138877,4.33157297,3.98446848,-0.073525846,-0.0495581515,0.949521661
4.61513087,1.8699922,7.00628833,-0.000412482768,-0.00489731692,1.01178765
2.94388129,2.55886635,4.29770191,-0.0108159035,-0.0127847753,1.00324762
1.65441298,8.09066659,7.66172765,-0.00195432082,0.00196011364,1.0076195
1.93605622,4.06206767,7.01356941,-0.00454845279,-0.00151320174,1.01143265
1.99375205,6.64713594,8.22750336,-0.00117538124,0.000657800585,1.00872231
4.37641042,8.02009226,4.1643122,-0.00366228074,0.0176295284,1.00229442
4.54877415,4.47534884,4.96474362,-0.0509851016,-0.0589053072,0.644638538
2.7117864,5.57997184,8.60613068,0.00530973077,-0.00155929662,0.990119815
8.65949687,8.31781375,7.59926327,0.00203678012,0.00200222619,1.00712395
2.4176836,2.77847215,6.90089915,-0.00386727229,-0.00339258835,1.01092625
5.27622954,2.85667385,4.1665477,0.00495840237,-0.0377417244,0.997407794
5.00471717,2.5373961,8.38828527,7.88532197e-05,0.00404817238,0.996627271
7.9713634,4.04899595,8.17273951,0.000637184829,-0.000165876001,1.00807202
1.22630382,6.07429547,3.89632212,-0.0100488067,0.00289100409,1.00220585
5.9329184,5.22651452,5.46568831,-0.0367787145,-0.00929777697,0.831663668
8.7724803,2.07723905,4.14201186,0.00559872389,-0.00408594124,1.00314498
2.59121057,3.13821832,3.51934352,-0.0126160719,-0.00976199284,0.998227298
2.61039284,4.54912249,7.05129344,-0.00130468607,-0.000471621752,1.00911331
1.95984544,8.12090455,6.55800245,-0.00347912684,0.00351290777,1.00793123
6.80351766,4.84934746,3.2631319,0.0286354125,-0.00259684771,0.982437909
8.03688292,4.77786696,8.83131263,-0.000789638609,0.000102844089,1.00512564
4.71633949,6.55506577,5.20419353,-0.00986516103,0.0545593165,1.02615368
4.37726317,5.5695428,3.67984756,-0.0506245606,0.0464802235,0.916840017
6.40907662,6.09805139,4.97538725,0.0449936315,0.0346433483,1.01998174
7.44192534,4.99424852,3.09147268,0.0186401904,-4.03262675e-05,0.992498696
4.75034567,7.5207751,5.38452735,-0.0021696724,0.0224579535,1.01548219
7.58349525,8.72479598,3.25908715,0.00394694135,0.00580432452,1.00144708
5.8430686,2.39445479,8.42965563,-0.000494159758,0.00179038197,1.00359988
3.64999026,3.42640684,3.7983592,-0.0226807147,-0.0266435035,0.990126848
8.96932411,3.16576287,6.25082533,0.00530894473,-0.00233471766,1.00741243
8.79425318,5.12345678,3.27502041,0.0100407489,0.000378200784,1.00031424
3.90333316,8.12680398,8.46803285,-0.000269517303,0.000508503988,1.00803268
2.44141443,2.32763658,4.50755373,-0.00827343762,-0.0086867623,1.00432014
5.51209562,4.2165548,4.34570038,0.100097701,-0.152108774,0.914144814
8.52377412,7.05951204,6.31525071,0.00539974123,0.00324943662,1.0084883
6.20683337,2.82853607,7.23701719,0.000405184925,-0.000510454178,1.0087347
1.20834501,5.59583786,7.49526492,-0.00317746773,0.000511132181,1.00921595
5.42171058,1.96817593,7.87791811,0.000352773815,-0.00123274513,1.00934827
5.79677083,6.70230638,6.93756787,-0.00328942016,-0.00805680826,0.986032546
2.74851676,8.7356096,3.98266968,-0.00426039845,0.00710715353,1.00278747
