t,x,y,z,vx,vy,vz,qw,qx,qy,qz,wbx,wby,wbz,Fx,Fy,Fz,Tx,Ty,Tz
0,5,5,5,0,0,0,1,0,0,0,0,1,0,-0.219053289,0.000271009007,1.7088353,0.000862414854,-0.337573277,-0.000431439218
0.0166666667,4.99994189,5.00000007,5.00000189,-0.00348634137,4.3132423e-06,0.000113625222,0.99996891,1.14377766e-06,0.0078853677,-5.72196245e-07,0.000137257587,0.946273544,-6.86656842e-05,-0.199935172,-0.000137855095,1.70770039,-0.000721714735,-0.318633789,8.74347424e-05
0.0333333333,4.99983075,5.00000011,5.00000538,-0.00666840847,2.11921033e-06,0.000209187674,0.999882217,1.32967155e-06,0.01534772,-1.03546787e-06,2.22450682e-05,0.895561402,-5.64467232e-05,-0.187260731,0.000283469022,1.70921797,0.000417077703,-0.301344673,-0.000332960561
0.05,4.99966994,5.00000022,5.00001086,-0.00964875557,6.63075995e-06,0.00032890314,0.999748872,2.07577458e-06,0.0224096699,-1.93120476e-06,9.03175593e-05,0.847600907,-0.000107247702,-0.168952117,0.000545813038,1.7065834,-0.000782949825,-0.28546374,-0.000279238659
0.0666666667,4.99946431,5.00000047,5.00001764,-0.012337712,1.53176442e-05,0.000406688144,0.999576736,1.79267634e-06,0.029092074,-3.21958739e-06,-3.20050384e-05,0.802167941,-0.000157036326,-0.154139734,-0.000572244809,1.71004216,-0.00108410428,-0.270431988,-0.000656566643
0.0833333333,4.9992178,5.00000058,5.00002663,-0.0147909221,6.21008525e-06,0.000539521069,0.999372701,9.87884768e-08,0.0354147491,-5.41943512e-06,-0.000197903569,0.759127352,-0.000271227836,-0.139926589,7.07864464e-05,1.70762167,-0.000490635356,-0.255965144,-0.000749542789
0.1,4.99893417,5.0000007,5.0000372,-0.0170179229,7.33668653e-06,0.000633830745,0.999142784,-2.2083668e-06,0.0413968289,-8.63556381e-06,-0.000266909549,0.718389233,-0.000395725754,-0.128687458,0.000888822438,1.70573639,-0.000242109263,-0.24086306,5.96586704e-05
0.116666667,4.9986164,5.00000106,5.00004883,-0.0190660474,2.1482735e-05,0.000698135162,0.998892143,-4.83679514e-06,0.0470583377,-1.17863475e-05,-0.000305427295,0.680054686,-0.000389592629,-0.117748797,-0.000510922789,1.70598231,-0.000569789086,-0.229278934,0.000286690211
0.133333333,4.9982674,5.00000128,5.0000616,-0.0209400777,1.33511462e-05,0.00076635361,0.998625406,-8.23424774e-06,0.0524146742,-1.45940023e-05,-0.000399124171,0.643563808,-0.00035300417,-0.104977346,-0.00041671832,1.70663657,0.000371026692,-0.216219645,-0.000762956721
0.15,4.99789055,5.00000139,5.00007569,-0.0226108441,6.71886819e-06,0.000844984863,0.998346473,-1.10828513e-05,0.0574832173,-1.83883311e-05,-0.00032665339,0.609151386,-0.000468096858,-0.0960235155,0.000269048524,1.70670487,-0.000107026264,-0.20568882,-0.000459262376
0.166666667,4.99748823,5.00000157,5.0000911,-0.0241391058,1.10009084e-05,0.000924703211,0.99805884,-1.40328698e-05,0.0622780145,-2.28015003e-05,-0.000333941475,0.576414995,-0.000543317976,-0.0842586526,0.000518935732,1.70571661,0.000789202951,-0.19345158,3.46947009e-05
0.183333333,4.99706356,5.0000019,5.00010758,-0.0254801239,1.92600271e-05,0.000988692836,0.997765355,-1.59349302e-05,0.0668153828,-2.71066645e-05,-0.000208541552,0.545626225,-0.000522999407,-0.0756927819,-0.000523333652,1.70792824,-0.000892371494,-0.184527959,-0.000154781318
0.2,4.99661882,5.00000208,5.00012571,-0.0266848119,1.09309134e-05,0.00108788175,0.997468674,-1.89972191e-05,0.0711072583,-3.16991049e-05,-0.000344363123,0.516257682,-0.000567177712,-0.0666275938,0.00149005764,1.70559874,-5.41468842e-05,-0.173577434,0.000141267388
0.216666667,4.9961564,5.00000266,5.00014488,-0.027745223,3.46459173e-05,0.00114999547,0.997170863,-2.21368349e-05,0.0751682609,-3.61135876e-05,-0.00035426147,0.488631974,-0.000547066565,-0.0582685876,0.00163872234,1.70410917,0.000126088204,-0.16524602,-0.000705155016
0.233333333,4.99567852,5.00000367,5.00016468,-0.0286725964,6.07269934e-05,0.00118840197,0.996873858,-2.50311357e-05,0.0790095433,-4.1452376e-05,-0.000315614608,0.46233226,-0.000656037177,-0.0522547047,-0.000407271726,1.70416996,0.00038851216,-0.154991947,9.86328113e-06
0.25,4.99518678,5.00000457,5.00018514,-0.0295042559,5.42450625e-05,0.00122777588,0.996579066,-2.7403933e-05,0.0826447963,-4.67419783e-05,-0.000252664003,0.43766453,-0.00064581612,-0.0425510618,0.00110139347,1.70398758,-0.00023818655,-0.147243558,-0.000983759116
0.266666667,4.99468376,5.00000577,5.00020622,-0.030181477,7.17742841e-05,0.00126424713,0.996287847,-2.99742501e-05,0.0860843912,-5.33627341e-05,-0.000261974438,0.414229997,-0.000807590852,-0.0383003871,0.000858254141,1.70501959,0.000504122691,-0.139518491,-0.000464188494
0.283333333,4.99417057,5.00000719,5.00022817,-0.0307910466,8.5433823e-05,0.00131714339,0.996001305,-3.18152307e-05,0.0893386618,-6.05442413e-05,-0.000167782076,0.392024953,-0.000867733564,-0.0325716274,0.00200294946,1.70189335,-3.402161e-05,-0.131130821,-7.49172296e-06
0.3,4.99364875,5.00000915,5.00025017,-0.0313094402,0.000117311754,0.00132028406,0.995720221,-3.36894148e-05,0.0924188087,-6.77446007e-05,-0.000170262491,0.371154834,-0.000870967387,-0.0290172753,-0.000711157514,1.7046484,-1.33568232e-05,-0.126013434,0.000621285204
0.316666667,4.99311923,5.00001091,5.00027296,-0.0317712645,0.00010599333,0.00136727257,0.995445558,-3.56457648e-05,0.095331705,-7.41311423e-05,-0.000187720033,0.351099165,-0.000775261559,-0.0209135793,0.00063460248,1.70283807,-0.000427771284,-0.118028156,0.000508556522
0.333333333,4.99258416,5.00001285,5.00029605,-0.0321041144,0.000116093343,0.00138544886,0.995177741,-3.82192856e-05,0.0980880029,-7.99053319e-05,-0.000267026291,0.332314385,-0.000709782649,-0.0180780979,0.00127118485,1.7034856,-0.000167404259,-0.112241344,2.1905575e-05
0.35,4.99204429,5.00001512,5.00031962,-0.0323918363,0.000136324878,0.0014139309,0.994917292,-4.10044398e-05,0.100695443,-8.56774976e-05,-0.000290862479,0.314450616,-0.000712643783,-0.0125156745,0.00104860223,1.70177891,9.53357173e-05,-0.105437001,-0.000634876252
0.366666667,4.99150111,5.00001767,5.0003432,-0.0325910294,0.000153013901,0.00141525007,0.994664448,-4.35667586e-05,0.103163099,-9.2279858e-05,-0.000252751741,0.297669809,-0.000809677828,-0.00878968835,-0.000978287087,1.70392664,0.000617186824,-0.100170073,-0.000325862669
0.383333333,4.9909556,5.00001996,5.00036738,-0.0327309217,0.000137443978,0.00145075154,0.994419508,-4.52577788e-05,0.105498009,-9.92329059e-05,-0.000142900731,0.28172727,-0.000841355807,-0.00434210105,-0.000413117628,1.70229989,-0.000135235904,-0.0949496656,-0.000176163699
0.4,4.99040893,5.00002214,5.00039172,-0.0328000283,0.000130869007,0.00146036241,0.994182658,-4.70897785e-05,0.10770714,-0.000106442399,-0.000154935612,0.26661556,-0.000874328857,-0.00184633289,0.000916928932,1.70314648,-0.000148478552,-0.0892667919,-0.000103094383
0.416666667,4.98986177,5.00002457,5.00041645,-0.0328294136,0.000145462384,0.00148344718,0.993953907,-4.90900089e-05,0.109798063,-0.000113814119,-0.000171353446,0.252408307,-0.000896421496,0.000876600228,0.000230638676,1.70312667,-0.000529867979,-0.0853769445,-7.57683214e-05
0.433333333,4.98931485,5.00002705,5.00044155,-0.0328154621,0.000149133113,0.00150621672,0.993733422,-5.17646214e-05,0.111775977,-0.000121367966,-0.000247798319,0.238820128,-0.000927582872,0.00223416925,0.000107882221,1.70239721,-0.000138906819,-0.079593514,0.000180845007
0.45,4.98876852,5.00002957,5.00046684,-0.0327799042,0.000150850111,0.00151737656,0.993521003,-5.46361138e-05,0.113648568,-0.000128709066,-0.000272545409,0.226152418,-0.000905390511,0.00614357489,0.00156026567,1.70126253,-0.000435459628,-0.0762415954,0.0002183786
0.466666667,4.98822381,5.00003249,5.00049201,-0.0326821262,0.000175682511,0.00151047739,0.993316732,-5.81011278e-05,0.115420314,-0.00013583314,-0.000344655399,0.21401817,-0.00088814554,0.00875524928,-0.00108123942,1.69986025,0.000490153072,-0.0726383338,-0.000261871225
0.483333333,4.98768143,5.00003514,5.0005167,-0.0325427821,0.000158474051,0.00148126026,0.993120586,-6.08670537e-05,0.117096017,-0.000143232366,-0.000255892171,0.202457447,-0.000911797499,0.0124094469,-0.000216974474,1.70062263,0.000867857773,-0.0684444142,-0.00064396801
0.5,4.98714235,5.00003772,5.00054111,-0.0323452796,0.000155020795,0.00146417667,0.992932391,-6.2376691e-05,0.118681252,-0.000151350163,-9.44643596e-05,0.191564234,-0.000980304173,0.0147100794,0.00119697565,1.69963387,0.000332756714,-0.0653646935,-0.000557979913
0.516666667,4.98660716,5.00004062,5.00056496,-0.0321111614,0.000174071254,0.00143135658,0.992752088,-6.33470152e-05,0.120180121,-0.000160155439,-1.87855348e-05,0.181161149,-0.00105504082,0.0158604244,-4.31604661e-05,1.70272094,0.000111036567,-0.0610137861,-6.88932837e-05
0.533333333,4.98607618,5.00004351,5.00058909,-0.0318587349,0.000173384334,0.00144766872,0.992579366,-6.4147062e-05,0.121598395,-0.000169038507,4.22811388e-06,0.171450512,-0.00106231948,0.0163537924,0.000222620744,1.70178897,-0.000297743301,-0.057594789,-0.000163047928
0.55,4.98554954,5.00004646,5.00061324,-0.0315984562,0.000176927453,0.0014491481,0.992414011,-6.52997405e-05,0.122940614,-0.000178188812,-3.22747653e-05,0.162284006,-0.00109973135,0.0184111439,0.000972399113,1.70179652,-0.000233144899,-0.0543883225,8.05292738e-05
0.566666667,4.98502778,5.00004967,5.00063742,-0.0313054338,0.000192403666,0.00145074766,0.992255804,-6.67594551e-05,0.124211031,-0.000187275539,-6.81862675e-05,0.153627822,-0.0010970993,0.0202340427,0.000469327311,1.70004115,-0.00103033348,-0.0519840824,0.000120427549
0.583333333,4.98451139,5.000053,5.00066116,-0.030983399,0.000199873242,0.00142440954,0.992104619,-6.9581932e-05,0.125412844,-0.000196377831,-0.000228621419,0.145354237,-0.00111965673,0.0219353895,0.000547166865,1.69986865,-0.000341314837,-0.0490428279,0.000282684396
0.6,4.98400082,5.00005647,5.00068442,-0.0306342864,0.000208581673,0.00139532609,0.991960212,-7.28876674e-05,0.126549951,-0.000205169188,-0.000289252628,0.1375488,-0.00109029232,0.0246864013,-0.000501433029,1.70239107,0.00027818977,-0.0468343269,-8.39526735e-05
0.616666667,4.9834968,5.00005982,5.00070786,-0.0302413901,0.000200601118,0.00140638814,0.991822431,-7.58004832e-05,0.127625284,-0.000214028576,-0.000239869336,0.130094906,-0.00109280065,0.0246353512,-0.000821399933,1.70383115,-0.000453819117,-0.0434216854,2.86428953e-05
0.633333333,4.98299931,5.00006294,5.00073186,-0.0298493063,0.000187528132,0.00144036982,0.991690895,-7.93027111e-05,0.128643355,-0.00022293123,-0.000307830328,0.123184101,-0.00110733744,0.0252505244,-0.000556707917,1.70098518,-0.000512095366,-0.0412854736,0.000381743117
0.65,4.98250852,5.00006592,5.00075568,-0.0294474317,0.000178667851,0.0014290564,0.991565412,-8.35313292e-05,0.129606997,-0.000231423282,-0.00039909775,0.116613267,-0.00107004396,0.0259094437,0.00106575709,1.7015761,-0.000631624065,-0.038899841,-1.28129899e-05
0.666666667,4.9820246,5.00006918,5.00077947,-0.0290350701,0.000195629902,0.00142714776,0.991445727,-8.85763818e-05,0.130519365,-0.00024004486,-0.000492747005,0.110422122,-0.00109850687,0.0258218839,-0.00136450194,1.70130924,0.000546549378,-0.0376943843,5.90989571e-05
0.683333333,4.98154753,5.00007208,5.00080315,-0.0286241021,0.000173913179,0.00142099201,0.991331773,-9.29009108e-05,0.131382062,-0.000248498352,-0.000408164692,0.104422913,-0.00106758673,0.0261554204,8.62005921e-05,1.70077453,-0.000687000091,-0.0348310788,9.20802054e-05
0.7,4.9810774,5.000075,5.00082659,-0.0282078257,0.000175285104,0.0014063261,0.991223175,-9.81332023e-05,0.132198869,-0.000256954601,-0.000514680339,0.0988793202,-0.00108257818,0.0284208616,4.48484445e-05,1.69958485,-0.000513299047,-0.0328324047,0.000266458314
0.716666667,4.98061481,5.00007793,5.00084947,-0.0277554936,0.000175998889,0.00137272583,0.991119696,-0.000104075769,0.132972428,-0.000265154658,-0.000601835745,0.0936538309,-0.00106372405,0.0289892131,0.000798564756,1.69989258,-0.000427864588,-0.0320936716,-0.000271996734
0.733333333,4.98015991,5.00008108,5.00087187,-0.0272941159,0.000188708442,0.00134402316,0.991021305,-0.000110521455,0.133703722,-0.000273791993,-0.000653287883,0.0885459433,-0.00112412555,0.0294391598,-0.000529100023,1.70004162,-0.000369569706,-0.0300712631,0.000211924344
0.75,4.97971282,5.00008408,5.00089383,-0.0268255772,0.000180287553,0.0013176926,0.990927736,-0.0001174795,0.134395422,-0.000282220582,-0.000716203451,0.0837599139,-0.00110788805,0.0296175831,0.000238047527,1.70047833,0.000451043427,-0.0282570433,0.000709492585
0.766666667,4.97927358,5.00008715,5.00091547,-0.0263541987,0.000184076197,0.00129831239,0.990838745,-0.000123960591,0.135049923,-0.000289640589,-0.000674429761,0.0792626697,-0.000980633541,0.0275077222,-0.000302748514,1.69883765,0.000379124779,-0.0263044548,0.000345770275
0.783333333,4.97884164,5.00009014,5.00093635,-0.0259163997,0.000179257805,0.00125281998,0.990754056,-0.000129995237,0.1356698,-0.000296542503,-0.000628475791,0.0750762013,-0.000912162344,0.0288202235,8.43858905e-05,1.70024811,0.00045240137,-0.0248368825,-0.000426285136
0.8,4.97841734,5.00009315,5.00095684,-0.0254577116,0.000180600848,0.00122977569,0.990673469,-0.000135348893,0.136256991,-0.000303927336,-0.000538423374,0.0711233522,-0.000958853977,0.0275761544,0.00122921281,1.70016154,0.00027245066,-0.0235612631,-0.000649101113
0.816666667,4.97800036,5.00009649,5.00097693,-0.0250188235,0.000200164378,0.00120535363,0.990596808,-0.000140217724,0.136813179,-0.000312119929,-0.000466384976,0.0673735223,-0.00104731414,0.029556004,1.76116818e-06,1.69857057,-0.000148797399,-0.0227766065,0.000281090412
0.833333333,4.97759122,5.00009982,5.00099619,-0.024548425,0.000200192408,0.00115561053,0.990523985,-0.000145323583,0.137339402,-0.000319974362,-0.000498925681,0.0637484837,-0.00101136845,0.0318190939,0.0022430535,1.70066312,-0.000159555301,-0.0209460869,-0.000600954675
0.85,4.97719052,5.00010375,5.00101518,-0.0240420084,0.000235891713,0.00113917141,0.990454712,-0.000150520661,0.137838071,-0.000328651298,-0.000495092816,0.0604148321,-0.00111098107,0.0300516693,0.000632889065,1.70100441,-0.000729509207,-0.0199883202,-3.07555488e-05
0.866666667,4.97679779,5.00010785,5.00103398,-0.0235637213,0.000245964455,0.001128164,0.990388854,-0.000156661673,0.138310449,-0.000337505911,-0.000603246344,0.0572335241,-0.00114805215,0.0307553229,-0.000993360314,1.69979196,0.00021327218,-0.0189622839,-0.000410093577
0.883333333,4.97641322,5.00011169,5.00105228,-0.0230742351,0.000230154635,0.00109785991,0.99032626,-0.000162438794,0.138757889,-0.000346863945,-0.000550572258,0.0542156313,-0.00120217898,0.0299207087,0.000174226299,1.70006899,-0.000415221757,-0.0180340014,-0.000694010274
0.9,4.97603659,5.00011557,5.00107015,-0.0225980322,0.000232927532,0.00107196487,0.990266793,-0.000168625243,0.139181616,-0.000357213767,-0.000581654312,0.0513454354,-0.00132719006,0.0317205473,0.00104599765,1.70047613,-0.000591101356,-0.0173959279,-0.000561740273
0.916666667,4.97566837,5.00011973,5.00108769,-0.022093184,0.000249575102,0.00105254976,0.990210365,-0.000175476068,0.139582471,-0.000368414311,-0.000645352993,0.048576765,-0.00143971198,0.0288564225,-0.000292775694,1.70151722,-0.000265481704,-0.016426259,-0.000231145359
0.933333333,4.9753078,5.00012381,5.00110518,-0.0216339198,0.000244915432,0.00104970407,0.990156824,-0.000182624708,0.139961731,-0.000379971334,-0.000673754394,0.0459624333,-0.00148738606,0.028622215,0.000907001756,1.70037611,-0.000198154007,-0.0151688688,0.00018465786
0.95,4.97495483,5.00012814,5.00112233,-0.0211783831,0.000259350814,0.00102869711,0.990105961,-0.000190060179,0.140321051,-0.000391326262,-0.000710261729,0.0435481979,-0.00146850571,0.0282760342,2.58861534e-06,1.70265586,0.000125103227,-0.0147066073,-0.000177098824
0.966666667,4.97460936,5.00013246,5.00113973,-0.020728356,0.000259392013,0.0010439734,0.99005771,-0.000197290753,0.140661042,-0.000402894127,-0.000681364452,0.0412075976,-0.00149067323,0.0271569794,1.10193539e-05,1.69886632,-0.000312853996,-0.0140008665,-9.60803729e-05
0.983333333,4.97427109,5.00013678,5.00115638,-0.0202961393,0.000259567391,0.000998937265,0.990011961,-0.000204906708,0.140982632,-0.000414650138,-0.000723025885,0.0389792621,-0.00151984613,0.0269594378,-0.00193184029,1.70072111,-0.000395669394,-0.0132296301,-0.000114168731
1,4.97393997,5.0001406,5.00117277,-0.0198670665,0.000228821198,0.000983421145,0.989968587,-0.000213013551,0.141286837,-0.000426633597,-0.000776572665,0.0368736634,-0.00155548121,0.0267335816,-0.000997109882,1.70302976,-0.000389385433,-0.0128605503,-0.000373197385
1.01666667,4.97361595,5.00014415,5.00118951,-0.0194415883,0.000212951701,0.00100464822,0.989927533,-0.000221554424,0.141574143,-0.000439183619,-0.000817603472,0.0348268278,-0.00163045875,0.0273381661,0.000829558546,1.70279912,0.000627500287,-0.0125697266,-0.000507685256
1.03333333,4.97329917,5.00014792,5.00120655,-0.0190064879,0.000226154536,0.00102220465,0.98988876,-0.000229168765,0.141844935,-0.000452286032,-0.000697224065,0.0328264207,-0.00168065595,0.0282740584,0.000790661949,1.70189917,0.000719414296,-0.0106410746,-0.000115860846
1.05,4.9729899,5.0001519,5.00122364,-0.0185564923,0.000238738311,0.00102543781,0.989851919,-0.000235810404,0.142101747,-0.000465408416,-0.000580528307,0.0311329478,-0.00166675123,0.0258072006,-0.000275749849,1.70139336,0.000504567137,-0.0100008658,0.000269902384
1.06666667,4.97268747,5.0001558,5.00124065,-0.018145758,0.000234349616,0.00102062089,0.989816899,-0.000241834311,0.142345421,-0.000478084467,-0.000513978368,0.0295413043,-0.0016034711,0.0261062212,0.00177720063,1.7018985,-8.30926342e-05,-0.00916340467,-0.000530026798
1.08333333,4.97239196,5.00016018,5.00125771,-0.0177302645,0.000262634643,0.00102384337,0.989783552,-0.000247861412,0.142577057,-0.000491474928,-0.000501415441,0.0280829442,-0.00168863527,0.0250688057,0.000454441936,1.69949713,0.000240535436,-0.0102017793,0.000463811882
1.1,4.97210311,5.00016468,5.00127419,-0.0173312821,0.000269867311,0.000988846922,0.989752083,-0.000253653796,0.142795294,-0.000504214368,-0.000483829473,0.0264592696,-0.00160758274,0.0232558409,0.000569807962,1.70087838,1.58472122e-05,-0.00825246981,7.71056627e-05
1.11666667,4.97182042,5.00016933,5.00129046,-0.0169611539,0.000278936086,0.000975833697,0.989722131,-0.00025943445,0.14300269,-0.000516852342,-0.000483472881,0.0251458435,-0.00159556888,0.0259078028,0.00161700239,1.70133175,0.000231990009,-0.00832387557,0.000601160564
1.13333333,4.97154461,5.0001744,5.00130662,-0.0165488184,0.000304671478,0.000970036115,0.989693716,-0.000265018881,0.143199155,-0.00052866004,-0.000473690047,0.0238210302,-0.00149383741,0.0238814189,0.000695244994,1.69859677,0.000354472479,-0.00740324537,0.000328306991
1.15,4.97127513,5.00017967,5.00132197,-0.0161687338,0.000315736646,0.000920710086,0.989666671,-0.000270195176,0.143385896,-0.000539972054,-0.00043307592,0.0226427873,-0.00142817742,0.0248693803,-0.000296483747,1.69869447,0.000173474188,-0.00741379576,9.07749678e-05
1.16666667,4.97101225,5.00018485,5.00133652,-0.0157729253,0.000311017961,0.000872938963,0.989641003,-0.000275155715,0.143562902,-0.000551134567,-0.000409349655,0.0214628633,-0.00140693677,0.0229095607,-5.99662778e-05,1.70058028,-8.7635857e-05,-0.00714380679,-0.00022935917
1.18333333,4.97075544,5.00019002,5.00135077,-0.0154083084,0.000310063568,0.000855181365,0.989616664,-0.000280182379,0.143730526,-0.000562617403,-0.000411019748,0.0203259036,-0.00144633825,0.0229151025,-0.000630813067,1.70102393,-0.000559081982,-0.00672337983,-0.000336725289
1.2,4.97050472,5.00019502,5.00136485,-0.0150436032,0.000300023866,0.000844484688,0.989593579,-0.000285873636,0.143889322,-0.000574651257,-0.000479800706,0.0192557918,-0.00152344875,0.0231508238,-0.00140916068,1.70114977,-0.00024839173,-0.00626990529,0.000656291402
1.21666667,4.97026013,5.00019964,5.00137878,-0.0146751464,0.000277596377,0.000835790907,0.989571667,-0.000292011364,0.144039884,-0.000585873502,-0.000546225654,0.0182577881,-0.00143497981,0.0223168056,-0.000333040875,1.7022992,3.00098458e-05,-0.0056010392,-0.000303845348
1.23333333,4.97002146,5.00020418,5.00139287,-0.0143199634,0.000272295867,0.000845390788,0.989550802,-0.000298047301,0.144183092,-0.000597490954,-0.000526753192,0.017366397,-0.00148033481,0.0207980529,0.000824853302,1.70276345,-0.000129216898,-0.00493647975,2.99265954e-05
1.25,4.96978831,5.00020894,5.00140724,-0.0139889521,0.000285423815,0.000862379515,0.989530862,-0.000304254631,0.144319819,-0.00060909578,-0.000546826176,0.0165807064,-0.00148196638,0.0214157133,0.000977501345,1.7017586,-5.14494711e-05,-0.00420867196,-0.000255072504
1.26666667,4.96956085,5.00021396,5.00142163,-0.0136481104,0.000300981232,0.000863375573,0.989511708,-0.000310477254,0.144451019,-0.000621046899,-0.000542212302,0.0159108985,-0.00152349567,0.0215751932,0.000221868043,1.70173889,-0.000374286715,-0.00383263621,-0.000598254973
1.28333333,4.9693391,5.00021903,5.00143603,-0.0133047306,0.000304512372,0.000864057839,0.989493272,-0.000317073306,0.144577187,-0.000633856432,-0.000571272116,0.0153009238,-0.001632032,0.0202883672,0.000425847542,1.70171659,-0.000424535078,-0.00428507629,-0.000111974095
1.3,4.96912274,5.00022422,5.00145044,-0.0129818312,0.000311289946,0.000864385288,0.989475641,-0.000324201421,0.144697729,-0.000646896111,-0.000629997327,0.0146188693,-0.00166874316,0.0198873589,-0.00105460187,1.70287108,-0.000432083334,-0.00445998391,-5.66198191e-05
1.31666667,4.96891165,5.00022913,5.00146515,-0.012665314,0.000294505436,0.000883086935,0.989458851,-0.000331881875,0.144812415,-0.000660094925,-0.000692330119,0.0139089674,-0.00169739144,0.019357367,2.80270057e-05,1.70134413,-0.000361723079,-0.00385133097,0.000207889806
1.33333333,4.96870569,5.00023404,5.00147978,-0.012357232,0.0002949515,0.000877486432,0.989442789,-0.000340073575,0.144922045,-0.000673092083,-0.000756107615,0.013295912,-0.00168247581,0.0182763145,0.000347907636,1.70157975,-1.07725916e-05,-0.00380562946,0.000171770181
1.35,4.96850459,5.00023905,5.00149437,-0.0120663554,0.000300488622,0.000875635906,0.989427446,-0.000348309025,0.145026679,-0.000685867608,-0.000764723764,0.0126902021,-0.00165706721,0.019149578,-0.000100866702,1.70270317,-0.000288400953,-0.00391561468,0.000352705658
1.36666667,4.96830856,5.00024403,5.00150923,-0.0117615804,0.000298883278,0.000891665227,0.989412846,-0.000356987212,0.145126173,-0.000698237563,-0.000823894493,0.0120669059,-0.00161677212,0.0189240144,-0.00124489329,1.70068489,-0.000141077427,-0.00353990482,-0.000163597881
1.38333333,4.96811756,5.00024868,5.00152383,-0.0114603953,0.000279070186,0.000875572575,0.989398917,-0.000365815756,0.145221019,-0.000710851023,-0.000837087634,0.0115035082,-0.00164844465,0.0191953673,-0.000290118707,1.70060257,-0.000433856229,-0.00294723793,-9.05065102e-05
1.4,4.96793164,5.00025326,5.00153813,-0.0111548916,0.000274452803,0.000858169722,0.989385546,-0.000375193406,0.145311997,-0.000723668235,-0.000898376529,0.011034365,-0.00168232691,0.0173862608,-0.000471307746,1.70099167,-0.000276480034,-0.00276412423,0.000788393253
1.41666667,4.96775034,5.00025771,5.00155225,-0.0108781806,0.000266951708,0.000846959628,0.989372701,-0.000385083145,0.145399346,-0.000735505561,-0.000975922808,0.0105942637,-0.00157503603,0.0186830531,0.000998681743,1.69991522,0.000165503561,-0.00274312977,0.000442297959
1.43333333,4.96757399,5.00026242,5.00156589,-0.0105808306,0.000282846221,0.000818617342,0.989360377,-0.000394838325,0.145483094,-0.000746731985,-0.000970264451,0.0101576484,-0.00150027937,0.0175937734,0.00103441483,1.7003403,-1.74870669e-05,-0.00315456335,0.000544901074
1.45,4.96740231,5.00026741,5.00157917,-0.010300817,0.000299309445,0.000797040357,0.989348656,-0.000404718465,0.145562702,-0.000757248421,-0.000997095408,0.00965549435,-0.00141831112,0.0185396029,-0.000262195453,1.70094306,-3.31601446e-05,-0.00265154244,0.00016027174
1.46666667,4.96723555,5.00027233,5.00159226,-0.0100057501,0.000295136474,0.000785056622,0.98933744,-0.000414670392,0.145638829,-0.000767562375,-0.00100881424,0.00923345555,-0.00139564904,0.0174742844,0.000600480771,1.70128753,-0.00040242339,-0.00201967602,0.000267246754
1.48333333,4.96707342,5.00027741,5.00160523,-0.0097276382,0.000304693423,0.000778555272,0.989326609,-0.000425199922,0.145712304,-0.000777604499,-0.0010818748,0.00891188068,-0.0013735684,0.016920518,0.000688926969,1.70292353,0.000179560407,-0.00197146496,0.000248792209
1.5,4.96691578,5.00028267,5.00161854,-0.00945833979,0.000315658036,0.000798091629,0.989316153,-0.000435539889,0.145783192,-0.00078728658,-0.00106540501,0.00859811092,-0.00132760678,0.0161792108,0.00177289574,1.70258215,0.000257327165,-0.00305169731,0.000328257146
1.51666667,4.96676243,5.0002884,5.00163207,-0.00920083965,0.000343874548,0.000812194886,0.989306283,-0.000445602493,0.145850075,-0.000796489953,-0.00104044245,0.00811242057,-0.00126607724,0.0150284757,-0.00029092943,1.70126426,-0.000458379926,-0.0027741146,0.000341478716
1.53333333,4.96661307,5.00029405,5.00164549,-0.00896165403,0.000339244262,0.000805323212,0.989296946,-0.000456329663,0.145913317,-0.000805335573,-0.00112522259,0.00767074123,-0.00123538115,0.0161149712,0.000890581005,1.70237967,0.000334911722,-0.00205164289,0.000187882733
1.55,4.96646799,5.00029994,5.0016591,-0.0087051763,0.000353418299,0.000816203811,0.989288002,-0.000466651563,0.145973867,-0.000813871098,-0.00108225864,0.00734425649,-0.00119158132,0.0156005996,0.000163396441,1.70087302,-0.000192795746,-0.0019550489,7.27820777e-05
1.56666667,4.96632704,5.00030588,5.00167248,-0.00845688505,0.000356018834,0.000803105379,0.989279432,-0.000477238407,0.14603185,-0.00082234966,-0.00111443746,0.00703304266,-0.00118956702,0.0142132688,-0.00070225393,1.70038556,-0.000165260518,-0.00182487863,0.000278514737
1.58333333,4.96618986,5.00031162,5.00168552,-0.00823067385,0.000344842116,0.000782248791,0.989271213,-0.000488094035,0.146087439,-0.000830495951,-0.00115191209,0.0067425131,-0.00115493463,0.0143838327,0.000489512906,1.70237461,0.000133000205,-0.00254929126,-6.65084578e-05
1.6,4.9660565,5.0003175,5.00169874,-0.00800174804,0.000352632956,0.000793048955,0.989263484,-0.000498759463,0.146139682,-0.000838705382,-0.00112786391,0.0063368261,-0.00115924303,0.0132790947,-5.1836749e-05,1.70065453,-1.67129813e-05,-0.00192622036,0.000156649223
1.61666667,4.96592666,5.00032337,5.00171168,-0.00779040468,0.000351807948,0.000776473089,0.989256126,-0.000509475037,0.146189397,-0.000846713794,-0.00113706554,0.00603022445,-0.00113637293,0.0123008428,0.000263275945,1.70123465,-0.000212551751,-0.00176086103,7.36742347e-05
1.63333333,4.96580008,5.0003293,5.0017245,-0.00759463069,0.000355998115,0.000769130085,0.989249107,-0.000520481794,0.146236802,-0.00085466794,-0.00117232847,0.00574990891,-0.00113514617,0.0132298554,8.820048e-05,1.7002005,-2.07570513e-05,-0.0019626123,3.95215855e-05
1.65,4.96567701,5.00033526,5.00173692,-0.007384071,0.000357401869,0.000745328209,0.989242467,-0.000531521225,0.146281631,-0.000862575612,-0.00117673491,0.00543753695,-0.00113032455,0.0111128018,-0.00101960362,1.70080231,0.000196607051,-0.00106654221,-9.40375077e-06
1.66666667,4.96555689,5.00034094,5.0017491,-0.00720720527,0.000341174374,0.000731104303,0.989236031,-0.000542299656,0.14632506,-0.000870458228,-0.00114603389,0.00526784232,-0.00112283668,0.0114985781,-0.000842856048,1.70166985,9.64203657e-05,-0.00114752907,-0.000194725618
1.68333333,4.96543982,5.0003464,5.00176128,-0.00702419971,0.000327759903,0.000730687783,0.989229816,-0.000552912467,0.146366984,-0.000878578438,-0.00112202973,0.00508527292,-0.00114820789,0.0112687293,-0.000985598829,1.70055408,-0.000395569477,-0.00101835865,-0.000240346557
1.7,4.96532574,5.00035161,5.00177316,-0.00684485232,0.000312073611,0.000712513252,0.989223796,-0.000563996422,0.146407571,-0.000887091519,-0.00117090391,0.0049231489,-0.00120318802,0.011882274,-0.000630328111,1.70163318,-0.000320433742,-0.000609941844,-0.000495712525
1.71666667,4.96521481,5.00035664,5.00178502,-0.00665574005,0.000302041627,0.000711513184,0.989217891,-0.00057540381,0.146447358,-0.000896317651,-0.00119667706,0.0048261013,-0.00129355621,0.0108538772,-0.000847354761,1.70199258,-1.28310275e-05,-0.000887622024,-0.000599711179
1.73333333,4.96510676,5.00036145,5.00179695,-0.00648299523,0.000288555557,0.000716233114,0.989212157,-0.000586710493,0.14648598,-0.000906333766,-0.00117070286,0.00468496262,-0.00138562449,0.0102319431,-2.52627603e-05,1.70219399,0.000366016918,-0.00103472626,-0.000625365101
1.75,4.96500143,5.00036625,5.00180902,-0.0063201488,0.000288153488,0.000724158577,0.989206622,-0.000597414226,0.146523246,-0.000917100043,-0.00108578116,0.00452051761,-0.00146414777,0.0102336683,-0.00106101135,1.70021433,0.000535459161,-0.0012249448,-0.000622621734
1.76666667,4.96489881,5.00037077,5.0018207,-0.00615727491,0.000271266968,0.000700576763,0.989201322,-0.000607292962,0.146558905,-0.000928580096,-0.000975106286,0.00432584551,-0.00153445993,0.00952492078,-0.000823850327,1.70092425,0.000466708501,-0.000893478022,-0.000330685942
1.78333333,4.96479871,5.00037507,5.00183217,-0.00600568109,0.000258154983,0.000688293589,0.989196195,-0.000616494011,0.146593393,-0.000940403999,-0.000888471619,0.00418384522,-0.00156342393,0.0104456147,-0.00140375971,1.70178081,0.000327623459,-0.00134425121,-0.000674763852
1.8,4.96470139,5.00037901,5.00184367,-0.00583943397,0.000235813453,0.000689643114,0.989191328,-0.000625132362,0.146626118,-0.000953050566,-0.000806987546,0.00397014971,-0.00165127968,0.010098999,-0.000144149883,1.70065029,1.38835978e-05,-0.00131970039,-0.000499954292
1.81666667,4.96460674,5.0003829,5.00185488,-0.0056787034,0.000233519236,0.000672999787,0.989186715,-0.000633653604,0.146657112,-0.000966351444,-0.000781356558,0.00376023782,-0.0017269885,0.0101748505,0.000464814229,1.70075839,0.000328913706,-0.00100543704,-0.000708912451
1.83333333,4.9645148,5.00038691,5.00186585,-0.00551676563,0.000240916985,0.000658076894,0.989182295,-0.000641604147,0.146686787,-0.000980519246,-0.000698188838,0.00360048175,-0.00181992862,0.0102844388,0.000357735672,1.70172562,0.000714564027,-0.000695819562,0.000109369754
1.85,4.96442558,5.00039102,5.00187683,-0.0053530837,0.000246610525,0.00065854806,0.989178011,-0.000648637595,0.14671555,-0.000994405134,-0.00059417251,0.00348991103,-0.00177037616,0.00926037061,0.000122715941,1.70223517,4.01694318e-05,-0.000536773301,-7.99719784e-05
1.86666667,4.96433882,5.00039517,5.00188794,-0.00520570033,0.00024856361,0.000667128931,0.98917383,-0.000655602073,0.146743609,-0.00100838858,-0.000584175926,0.00340451255,-0.00178078518,0.00824453003,-0.000667474616,1.70220542,0.000541896537,-0.000455719101,-0.000173849773
1.88333333,4.96425424,5.00039913,5.0018992,-0.00507448456,0.000237940421,0.00067523632,0.989169737,-0.000661821174,0.146771071,-0.00102249504,-0.000493453746,0.00333218235,-0.00178229714,0.00825222102,-0.000138069005,1.70063821,0.000529706403,-0.000216219123,-0.000272819231
1.9,4.96417186,5.00040306,5.00191017,-0.00494314638,0.000235742985,0.00065840071,0.989165685,-0.000667291937,0.14679825,-0.0010368565,-0.000400096748,0.00329799415,-0.00179940237,0.00649677923,-0.000603550402,1.70186127,9.99243645e-05,0.000125839425,-0.000483920235
1.91666667,4.96409119,5.00040683,5.00192119,-0.00483974693,0.000226137182,0.000661030711,0.989161608,-0.000672537562,0.146825595,-0.00105183325,-0.000362556555,0.00331817668,-0.00186846217,0.00730905402,0.000396169157,1.70088494,0.000339860117,-0.000120452878,-0.00026960914
1.93333333,4.96401247,5.0004107,5.00193199,-0.00472341972,0.00023244241,0.000648121881,0.989157552,-0.000677284648,0.146852782,-0.00106709763,-0.000298290882,0.00329917829,-0.00189382964,0.00793037773,-5.32021007e-05,1.70200219,0.00036541131,-0.000408813817,5.48113854e-05
1.95,4.96393585,5.00041456,5.00194287,-0.00459720384,0.000231595672,0.000652994742,0.989153576,-0.000681562443,0.146879433,-0.00108221929,-0.000245026447,0.00323421054,-0.00186865327,0.0082710668,-0.000129239964,1.70160596,0.000453624253,-0.000428492235,-0.000274414334
1.96666667,4.96386142,5.00041839,5.00195373,-0.00446556572,0.000229538754,0.000651561416,0.989149682,-0.000685191053,0.146905523,-0.00109761299,-0.000163094967,0.00316622699,-0.00188953502,0.00854036039,0.00103361908,1.70092082,0.000178087424,-0.000199215539,-0.000464151624
1.98333333,4.96378926,5.00042249,5.00196439,-0.00432964166,0.000245989313,0.000639223742,0.989145825,-0.000688495305,0.146931352,-0.00111358108,-0.000114430881,0.00313470076,-0.00195201392,0.00778373725,0.000580472895,1.7004593,0.000359626273,-0.000609249057,-0.000183133499
2,4.96371917,5.00042674,5.00197471,-0.00420575964,0.000255227826,0.000619540646,0.989142087,-0.000691291176,0.146956382,-0.0011297199,-5.0960734e-05,0.00303789984,-0.00196336521,0.00704365114,-0.00029222753,1.70086114,0.000328664216,0.00020169285,0.000223496906
2.01666667,4.96365094,5.00043092,5.00198482,-0.00409365645,0.00025057688,0.000606253044,0.989138308,-0.000693699738,0.146981677,-0.00114550127,-1.13310182e-05,0.00307004596,-0.00191409045,0.00677375704,0.000451960697,1.70181792,0.00021445645,0.000455831056,9.87212924e-05
2.03333333,4.96358451,5.00043521,5.00199495,-0.00398584876,0.000257770058,0.000608193094,0.989134441,-0.000695846894,0.14700757,-0.0011611109,1.65782053e-05,0.003142637,-0.00188905765,0.00710903181,0.000326616364,1.70120288,0.00023246718,-0.000263989478,-5.99124113e-05
2.05,4.96351996,5.0004396,5.00200496,-0.003872705,0.000262968319,0.000600344455,0.989130624,-0.000697676993,0.147033117,-0.00117675405,5.48554153e-05,0.00310071572,-0.00188746443,0.00604552109,8.39551515e-05,1.70108636,0.000290314418,1.18044361e-06,-2.65422758e-05
2.06666667,4.96345702,5.000444,5.0020148,-0.00377648754,0.000264304506,0.00059064134,0.989126806,-0.000699121061,0.147058666,-0.0011923754,0.000100290725,0.00310100897,-0.0018780662,0.00633030643,0.000779635957,1.70173757,0.000277662809,-0.00019235402,0.000169472303
2.08333333,4.96339576,5.00044861,5.00202466,-0.00367573759,0.000276712798,0.000591302639,0.989123025,-0.000700233621,0.147083962,-0.00120772045,0.000134802392,0.00307044338,-0.00183943589,0.00627254002,0.000299889931,1.70151185,0.00015648244,8.45361637e-05,0.000326463047
2.1,4.96333616,5.00045331,5.00203446,-0.00357590701,0.000281485695,0.000588371498,0.989119228,-0.000701204717,0.14710937,-0.00122260662,0.000143476683,0.00308386161,-0.00178246538,0.00540916582,0.000604464018,1.70058351,8.23494356e-05,-0.000129439595,-5.424705e-05
2.11666667,4.963278,5.00045816,5.00204398,-0.00348981747,0.000291106038,0.000570665333,0.989115455,-0.000702056987,0.147134608,-0.001237548,0.000158582306,0.00306330482,-0.00178693234,0.005488246,0.000211692494,1.70039111,-0.000145487395,6.66001972e-05,-0.000142824626
2.13333333,4.96322129,5.00046307,5.00205314,-0.00340246932,0.000294475229,0.000549897094,0.989111667,-0.000703072353,0.147159932,-0.00125270508,0.000143018005,0.00307389247,-0.0018154082,0.00545516654,0.00116921137,1.70018835,0.000204303624,9.55919227e-05,-0.000215940574
2.15,4.96316603,5.00046828,5.00206191,-0.00331564765,0.000313083806,0.00052590169,0.98910786,-0.000703777715,0.147185383,-0.00126810547,0.000184089641,0.00308924066,-0.00183880613,0.00582925696,0.000999329267,1.70182536,-3.77643746e-06,-0.000198190809,-0.00025100154
2.16666667,4.96311231,5.00047377,5.0020707,-0.00322287214,0.000328988625,0.000527960212,0.989104091,-0.000704438699,0.147210574,-0.00128383606,0.000195231714,0.00305776689,-0.00187723053,0.00607364407,0.000585894076,1.70152816,0.000138278566,-0.000377805298,4.46767782e-05
2.18333333,4.96306021,5.00047941,5.00207946,-0.00312620709,0.000338313419,0.00052528859,0.989100394,-0.000704926362,0.147235269,-0.00129948139,0.000214380017,0.0029976763,-0.00186408028,0.00540396185,0.000147422286,1.70144526,0.000525534422,-0.000257555642,0.000177379245
2.2,4.96300954,5.00048508,5.00208815,-0.00304020037,0.000340659718,0.000521297614,0.989096748,-0.000704758805,0.147259627,-0.00131479165,0.000286286152,0.00295683271,-0.00181275336,0.00439930519,-0.000348129075,1.70169307,0.000397863044,-3.81271785e-05,0.000168667129
2.21666667,4.96296004,5.00049067,5.00209684,-0.00297018325,0.000335119071,0.00052125073,0.989093109,-0.000704102194,0.147283935,-0.00132980297,0.000339058642,0.00295086834,-0.00176863326,0.00427517396,-1.32367619e-05,1.70023138,0.00040283912,-1.45190278e-05,-0.000199545657
2.23333333,4.96291167,5.00049625,5.00210513,-0.00290214174,0.000334908402,0.000497940205,0.989089472,-0.000702878122,0.147308225,-0.00134499738,0.000409650216,0.00294876961,-0.00178033636,0.00458154369,-0.000343746351,1.70124367,0.000384329869,0.000105583549,4.38670888e-05
2.25,4.96286452,5.00050174,5.00211331,-0.00282922421,0.000329437509,0.000490740887,0.989085814,-0.000701158637,0.147332654,-0.00136005906,0.000466080689,0.00296571128,-0.0017558164,0.00448954439,0.00036220895,1.70185753,0.000167680401,-4.93157177e-05,0.000134511509
2.26666667,4.96281855,5.00050733,5.00212154,-0.00275777089,0.000335202243,0.000493311371,0.989082165,-0.000699245381,0.147357018,-0.00137491157,0.000485392547,0.00295789049,-0.00172756739,0.00426757165,0.000409464205,1.70162586,0.000295915016,-5.48193254e-05,-3.64627603e-05
2.28333333,4.96277372,5.00051302,5.00212974,-0.00268985038,0.000341719068,0.000492194695,0.989078527,-0.000696936713,0.147381311,-0.00138975412,0.000532160534,0.00294929453,-0.00171939862,0.00419770465,0.000109167324,1.70147743,0.000299585033,5.53515717e-06,-3.05698917e-05
2.3,4.96273,5.00051875,5.00213788,-0.00262304184,0.00034345652,0.000488715656,0.989074886,-0.000694229083,0.147405612,-0.00140457821,0.00057918528,0.00295030546,-0.00171015074,0.00400137231,0.000171357212,1.70179731,0.000324241474,-9.90797528e-05,2.03555745e-05
2.31666667,4.96268735,5.00052452,5.00214606,-0.00255935802,0.000346183755,0.000490327786,0.989071265,-0.000691099906,0.147429783,-0.00141931229,0.000627649521,0.00293466353,-0.00169201945,0.003974271,0.000250037645,1.70097218,0.00044217237,-2.61414823e-06,-2.74195826e-05
2.33333333,4.96264575,5.00053035,5.00215404,-0.00249610553,0.000350163228,0.000478807512,0.989067643,-0.000687385322,0.147453952,-0.00143399589,0.000696237863,0.00293443851,-0.00167567031,0.00376702602,-0.000167966396,1.70217572,0.000324413814,-3.61986132e-05,-2.67564258e-05
2.35,4.96260514,5.00053614,5.00216214,-0.00243615145,0.000347489959,0.000486442159,0.989064029,-0.000683239872,0.147478073,-0.00144865117,0.000746884088,0.00292882094,-0.00166468861,0.00355660795,0.000249758978,1.70184002,0.000284461346,-0.000115811157,1.8365451e-05
2.36666667,4.96256548,5.000542,5.00217029,-0.00237954628,0.000351464997,0.000488733962,0.989060436,-0.00067872464,0.147502043,-0.00146322682,0.000789391778,0.00291050453,-0.00164870211,0.00380210143,0.000464262555,1.70216427,0.000442670078,-0.000155527165,0.000259311606
2.38333333,4.96252683,5.00054798,5.00217856,-0.00231903395,0.000358853965,0.000496186444,0.989056873,-0.000673679147,0.14752581,-0.00147737586,0.000844813772,0.00288586833,-0.00158869308,0.00425178844,0.000612550281,1.70265608,0.000685400298,-0.000590052118,2.14064872e-05
2.4,4.96248931,5.00055413,5.00218708,-0.00225136464,0.000368603006,0.000511466301,0.989053427,-0.000667737593,0.147548803,-0.00149136323,0.000948448817,0.0027922502,-0.00155368497,0.00422958389,-0.000441475163,1.70169572,0.000125791779,-0.000149683227,9.53945346e-06
2.41666667,4.96245291,5.00056015,5.00219561,-0.00218404872,0.00036157671,0.000511461515,0.989050008,-0.0006616326,0.147571601,-0.0015053136,0.000967229246,0.00276847995,-0.00154641048,0.00428405022,-0.000330978255,1.70176404,-0.000106737188,-0.000345696929,-2.18200035e-05
2.43333333,4.96241765,5.00056609,5.00220415,-0.00211586594,0.000356309028,0.000512544101,0.989046657,-0.00065566266,0.147593944,-0.00151931379,0.000952169774,0.00271341969,-0.0015547385,0.00363198593,-0.000840944263,1.70304765,0.000167668547,-0.000453689359,0.000132717448
2.45,4.96238335,5.00057181,5.00221305,-0.00205806109,0.000342924984,0.000534055933,0.989043394,-0.000649497843,0.147615693,-0.00153310745,0.000971756479,0.00264125135,-0.00152680647,0.00304526736,-0.000322495737,1.70194937,0.000232315671,-0.000329600129,0.000107899014
2.46666667,4.96234985,5.00057744,5.00222202,-0.00200959416,0.000337792305,0.000538088063,0.989040195,-0.000643048737,0.14763701,-0.00154671438,0.00100227395,0.00258886935,-0.00149962946,0.00202911676,-0.000415101523,1.70262319,0.000438800913,-0.000418556466,0.000238601785
2.48333333,4.9623169,5.00058296,5.00223123,-0.00197729976,0.000331185759,0.000552844497,0.989037079,-0.000636069894,0.147657778,-0.00155992276,0.001058193,0.00252238916,-0.00144296931,0.00222925243,-0.000872840597,1.70142795,0.000407412222,-0.00048710371,-3.4609847e-07
2.5,4.96228453,5.00058824,5.00224038,-0.00194182011,0.000317294069,0.000548578037,0.989034057,-0.000628555552,0.147677908,-0.00157305221,0.00112047676,0.00244505262,-0.00142414486,0.00321322589,-0.000789184253,1.70240379,-6.72691185e-05,-0.000684286921,-2.02492734e-05
2.51666667,4.96225302,5.00059332,5.00224971,-0.00189068003,0.000304733812,0.00055984261,0.989031169,-0.000621124055,0.14769714,-0.00158622197,0.00111153809,0.00233611978,-0.00143043936,0.00235748085,5.84793217e-05,1.70211928,-0.000183039293,-0.000267189358,-0.000272233828
2.53333333,4.96222214,5.00059842,5.00225915,-0.00185315955,0.000305664539,0.000566579023,0.989028332,-0.000613878769,0.147716021,-0.0015997849,0.00109647702,0.002293583,-0.00148041966,0.00253495241,-0.000885649132,1.70175226,-0.000109486355,-0.000281160568,-0.000589263151
2.55,4.96219192,5.00060328,5.00226861,-0.00181281453,0.000291568995,0.000567474145,0.989025548,-0.000606661058,0.147734534,-0.00161414248,0.00110736464,0.00224894139,-0.00157523572,0.00279093932,-0.0004222941,1.70183252,-0.000133121368,-0.000160544384,-0.00021085823
2.56666667,4.96216245,5.00060802,5.0022781,-0.00176839535,0.000284847976,0.000569646675,0.989022794,-0.000599576308,0.147752836,-0.00162880285,0.00109699562,0.00222338254,-0.00161353983,0.00235397059,-0.000690902592,1.70133518,-3.67396097e-05,-0.000127202131,4.87150464e-05
2.58333333,4.9621336,5.00061259,5.0022875,-0.00173093075,0.00027385192,0.00056390377,0.989020065,-0.000592549021,0.14777097,-0.00164340663,0.00108920651,0.00220310708,-0.00160784833,0.00274332374,-9.94869015e-05,1.70140932,-0.000269463807,-0.00029993572,-0.000240970783
2.6,4.96210548,5.00061713,5.00229682,-0.0016872694,0.000272268537,0.000559340768,0.989017393,-0.000585827317,0.147788711,-0.00165837954,0.00105956675,0.0021553028,-0.00165709352,0.00268368864,-0.000609593019,1.70233237,-8.22726545e-07,-0.000168729329,1.45750145e-05
2.61666667,4.96207807,5.0006215,5.00230631,-0.00164455716,0.000262566562,0.000569468533,0.989014754,-0.000579109177,0.147806231,-0.00167333362,0.00105885616,0.00212844462,-0.0016549314,0.00275217282,-0.000517236284,1.70218833,9.35611606e-05,5.49917239e-05,9.05775107e-05
2.63333333,4.96205139,5.00062574,5.00231594,-0.00160075497,0.000254334491,0.000577303862,0.989012103,-0.000572286189,0.147823823,-0.0016881505,0.00106885104,0.00213721987,-0.00163678618,0.00268964468,-0.00076420782,1.70132008,-0.000129343248,-1.6826454e-05,0.000101071752
2.65,4.96202542,5.00062978,5.00232546,-0.00155794795,0.000242171746,0.000571320544,0.989009456,-0.000565652641,0.147841392,-0.00170286018,0.00104447108,0.00213445038,-0.00162742409,0.00277455311,-0.0004229901,1.70230263,-1.51611527e-06,0.00014351613,9.22703497e-06
2.66666667,4.9620002,5.0006337,5.00233514,-0.00151378956,0.00023543965,0.000580975002,0.989006779,-0.000559023215,0.147859149,-0.00171755794,0.00104373014,0.00215728838,-0.00162607627,0.00253880481,-0.000687055082,1.70256679,-0.000147511323,-7.24211306e-05,-0.000152005867
2.68333333,4.96197564,5.00063744,5.00234505,-0.00147338323,0.000224504828,0.000594833734,0.989004116,-0.000552557306,0.147876811,-0.00173248407,0.00102839618,0.00214572543,-0.00165608417,0.00253253304,-0.000442734291,1.70160538,1.39223815e-05,-6.80496762e-05,-0.000139852405
2.7,4.96195175,5.00064107,5.00235494,-0.00143307672,0.000217458493,0.000593391102,0.989001466,-0.00054604555,0.147894384,-0.00174759097,0.00103706447,0.00213493802,-0.00167672705,0.00239385774,-0.000516889799,1.70108465,-5.65527696e-05,-0.000316875319,-1.03857316e-05
2.71666667,4.9619285,5.00064456,5.00236467,-0.00139497729,0.000209231937,0.000583660881,0.988998877,-0.000539605202,0.147911541,-0.00176272281,0.00102912363,0.00208447907,-0.00168096911,0.00323878089,-0.000428479673,1.7026707,0.000338941653,0.00034534609,7.33475886e-05
2.73333333,4.96190611,5.00064793,5.00237466,-0.00134343049,0.000202412471,0.00059917337,0.98899622,-0.00053273546,0.147929151,-0.0017776917,0.00107709144,0.00213960316,-0.00165399377,0.00240419295,-0.000262346529,1.70174318,-1.5554849e-05,-0.00017011408,-0.000288839533
2.75,4.96188436,5.00065123,5.00238466,-0.00130516657,0.000198237096,0.000599923921,0.988993595,-0.000525829051,0.147946539,-0.00179304263,0.00108827457,0.00211259315,-0.00169869071,0.00255115685,-0.000654462513,1.70164083,0.000301256388,0.000180849982,-6.10157727e-05
2.76666667,4.96186329,5.00065436,5.00239464,-0.00126456365,0.000187821002,0.00059904551,0.988990934,-0.000518515943,0.147964164,-0.00180841435,0.00113685699,0.00214155396,-0.00169393093,0.001656248,0.000378219754,1.70263586,3.86621441e-05,-1.29554871e-05,-0.000112843787
2.78333333,4.96184265,5.00065759,5.00240487,-0.00123820364,0.000193840556,0.000614003449,0.988988274,-0.000511129946,0.147981773,-0.00182392651,0.0011480047,0.00213954114,-0.00170930429,0.00269924342,-0.000628374973,1.70216808,6.50255052e-05,-0.000209288677,-0.000223761638
2.8,4.96182273,5.00066066,5.00241523,-0.00119524385,0.000183839658,0.000621516558,0.988985655,-0.000503614232,0.147999107,-0.00183971956,0.00116844966,0.00210632305,-0.00174034374,0.00227708735,-0.00139153552,1.70114789,-8.9034717e-05,-0.000376942486,-5.15835331e-05
2.81666667,4.96180341,5.00066335,5.00242545,-0.00115900288,0.000161692682,0.000612792762,0.988983109,-0.000496204258,0.148015946,-0.00185559799,0.00115753076,0.00204629443,-0.00175236917,0.0020719872,-0.000635865394,1.70234051,0.000356882228,9.47339221e-06,-0.000118233226
2.83333333,4.96178464,5.00066588,5.00243583,-0.00112602618,0.00015157257,0.000623050198,0.988980561,-0.000488302981,0.148032799,-0.00187156144,0.00121734451,0.00204803109,-0.00175373204,0.00179869264,-0.000389759086,1.70168985,0.000143734538,-0.000286582159,-0.000134538161
2.85,4.96176635,5.0006683,5.00244621,-0.00109739909,0.000145369361,0.000622952009,0.988978067,-0.000480186045,0.148049276,-0.00188767332,0.00124566284,0.00200253438,-0.00176752654,0.00175147918,-5.20293999e-05,1.70156158,0.000293303593,-2.44049033e-05,-9.26547735e-05
2.86666667,4.96174853,5.00067071,5.00245656,-0.00106952344,0.000144541288,0.000620812284,0.988975578,-0.000471666136,0.148065722,-0.00190384916,0.00129463018,0.00199884016,-0.00176795825,0.00147848721,-4.96419734e-05,1.70194708,8.94845221e-05,2.45586311e-06,0.00016821909
2.88333333,4.9617311,5.00067311,5.00246697,-0.00104599258,0.000143751211,0.000624807981,0.988973089,-0.000463061894,0.148082171,-0.00191978678,0.00130040515,0.00199924259,-0.00173818812,0.00162163345,-0.000596218635,1.70170008,7.50464507e-05,-0.000291279732,-0.000133719153
2.9,4.96171409,5.00067534,5.00247739,-0.00102018348,0.000134262097,0.000624872574,0.988970656,-0.000454332211,0.148098239,-0.00193588523,0.00131824109,0.00195295965,-0.00175505451,0.00183457894,-0.000763428174,1.70175359,0.000231271302,-0.000210102367,0.000302105469
2.91666667,4.96169758,5.00067738,5.00248782,-0.000990985253,0.00012211176,0.000625788863,0.988968264,-0.000445357978,0.148114031,-0.00195154211,0.00133948227,0.00191958629,-0.00169831077,0.000343025117,-0.000223879408,1.70174059,0.000317130023,-5.53776069e-05,0.00019916851
2.93333333,4.96168115,5.00067936,5.00249826,-0.000985525839,0.000118548609,0.000626498149,0.988965883,-0.00043600676,0.148129751,-0.0019668755,0.00137848897,0.00191091466,-0.00165321898,0.000551262375,-0.000604148357,1.70204956,0.000232262039,-0.0002026601,8.49995761e-05
2.95,4.96166487,5.00068117,5.00250879,-0.000976752226,0.000108933289,0.000632124933,0.988963542,-0.000426367064,0.148145205,-0.00198205187,0.00140999816,0.00187878005,-0.00162946294,0.000938843938,8.27432309e-06,1.70145374,0.000289735718,-0.000231134212,-0.000136756821
2.96666667,4.96164884,5.00068299,5.00251927,-0.00096181006,0.000109064979,0.000628268943,0.988961246,-0.000416319857,0.148160358,-0.00199735082,0.00146061316,0.00184220029,-0.00163677041,0.00067141092,0.000533550112,1.70161981,0.000236811991,-0.000372181264,3.57156693e-06
2.98333333,4.96163299,5.00068495,5.00252972,-0.000951124224,0.000117556693,0.000627056034,0.988959022,-0.000405961751,0.148175022,-0.00201259876,0.00149672271,0.00178310974,-0.0016251956,0.00107431426,0.000456064424,1.70135766,-8.62096982e-06,-0.000536152179,0.000365089394
3,4.96161742,5.00068703,5.00254008,-0.000934025981,0.000124815184,0.000621670839,0.988956904,-0.00039568527,0.148188983,-0.00202736982,0.00147873141,0.00169769258,-0.00157006111,0.000812776788,-0.000190581638,1.70102841,2.85817139e-05,5.14937159e-05,-0.00011646389
3.01666667,4.96160207,5.00068906,5.00255026,-0.000921090237,0.000121781983,0.000611045525,0.988954775,-0.000385348549,0.148203012,-0.00204228798,0.00148847959,0.00170593134,-0.00158644801,0.000849474132,-0.000164037945,1.70107066,5.90385148e-06,8.68486456e-05,7.14155967e-05
3.03333333,4.96158694,5.00069104,5.00256028,-0.000907570436,0.000119171238,0.00060109266,0.988952629,-0.000375018355,0.148217155,-0.00205711127,0.00148598876,0.00171974176,-0.00157530356,0.000450494003,-0.000120043018,1.70118922,0.000146300798,-0.000239935535,0.000163570259
3.05,4.96157194,5.000693,5.00257016,-0.000900400602,0.000117260694,0.00059302666,0.98895053,-0.000364527768,0.148230983,-0.00207169137,0.00150077785,0.00168161213,-0.00154359328,0.00149137549,3.44966705e-05,1.70143391,8.79149945e-05,-7.26776372e-05,8.86799303e-05
3.06666667,4.96155733,5.00069496,5.00257998,-0.000876664623,0.000117809725,0.000588855013,0.988948445,-0.000353939103,0.148244715,-0.00208613791,0.00151006563,0.00167008221,-0.00152599859,0.00191829346,-0.000501824601,1.70086034,-0.000247695227,-6.75188114e-05,-4.77458656e-05
3.08333333,4.96154322,5.00069679,5.00258957,-0.000846134035,0.000109822939,0.000575554788,0.988946373,-0.000343665748,0.148258359,-0.0021006958,0.00147465034,0.00165918785,-0.00154482352,0.00112244307,-0.000213554833,1.70034989,0.000399714022,-4.702241e-05,0.000255249321
3.1,4.96152942,5.00069857,5.00259881,-0.000828269799,0.000106424108,0.000554130376,0.98894431,-0.000332918176,0.148271942,-0.00211484032,0.00152358891,0.00165190899,-0.00148733072,0.00226772943,-0.000394241329,1.70072912,0.000227771556,-0.000168157404,0.000213133841
3.11666667,4.96151622,5.00070023,5.00260779,-0.000792177764,0.000100149562,0.000538741636,0.98894228,-0.000321913293,0.148285304,-0.00212866058,0.00154841233,0.0016252506,-0.00144427055,0.00194632466,-0.00010830571,1.70116575,-0.000110356832,0.00039660523,0.000280936351
3.13333333,4.96150353,5.00070188,5.00261662,-0.000761201045,9.84258233e-05,0.000530302154,0.988940173,-0.000311109529,0.148299187,-0.00214213388,0.00151823558,0.00168824273,-0.00140667547,0.00133912575,-0.000957035473,1.70039208,0.000148379739,-0.000131340879,0.000378482948
3.15,4.9614912,5.00070326,5.00262512,-0.000739888196,8.31941307e-05,0.000509549236,0.988938092,-0.000300185216,0.148312897,-0.00215508162,0.00152323385,0.00166736191,-0.00134216035,0.000431946862,-0.00102862926,1.69999341,-0.000346925977,0.000195733809,0.000268336817
3.16666667,4.96147898,5.00070438,5.00263316,-0.000733013549,6.68229876e-05,0.000482451346,0.988935973,-0.00028976928,0.148326863,-0.00216774558,0.00145778507,0.00169823053,-0.00131753056,0.00103373408,-0.00122866792,1.70036546,-0.000435659212,1.42174261e-05,0.000762206916
3.18333333,4.96146704,5.00070516,5.00264084,-0.00071656116,4.72681303e-05,0.000461274779,0.988933853,-0.000280074749,0.148340846,-0.0021794955,0.00135590101,0.00170005442,-0.00122190123,0.000624882709,-0.000809396616,1.70135576,-9.38010124e-05,-0.000174208333,-0.000279758381
3.2,4.96145526,5.00070574,5.00264844,-0.000706615843,3.43861831e-05,0.000455859418,0.988931765,-0.000270447703,0.1483546,-0.00219163088,0.0013548146,0.00167231891,-0.00126884418,0.000993063055,-0.00112889306,1.70144944,-4.31729861e-06,-0.000191242182,-0.000127625881
3.21666667,4.96144375,5.00070601,5.00265597,-0.000690810753,1.6419292e-05,0.000451934963,0.988929715,-0.000260800653,0.148368103,-0.00220393457,0.00136025222,0.00164190322,-0.00128846046,0.00122285017,-0.0012556722,1.70084531,5.34369085e-05,0.000116525068,-0.000102443377
3.23333333,4.96143256,5.00070595,5.00266328,-0.000671348488,-3.56535183e-06,0.000438395525,0.98892764,-0.000251063696,0.14838176,-0.00221636208,0.0013730847,0.00166050406,-0.00130155383,0.00097946603,-0.000620336681,1.70056209,-0.000160251386,-3.68801005e-05,-8.04712579e-05
3.25,4.96142163,5.00070573,5.00267029,-0.000655759802,-1.34383168e-05,0.000420348428,0.988925573,-0.000241520981,0.148395367,-0.00222892667,0.00135248807,0.00165453935,-0.00132128144,0.000988592717,-0.000506426186,1.70132511,8.45994546e-05,-0.000124235473,0.000244887753
3.26666667,4.96141096,5.00070537,5.00267719,-0.00064002586,-2.14983398e-05,0.000414445169,0.98892353,-0.000231915135,0.148408812,-0.00224115346,0.00135400864,0.00163478085,-0.00128006739,0.00134437847,-0.000809685777,1.70087155,-0.000205516247,0.000165942584,-4.57117924e-06
3.28333333,4.96140065,5.0007048,5.00268388,-0.000618629413,-3.43848892e-05,0.000401323299,0.988921454,-0.000222578437,0.148422473,-0.00225342665,0.00132283554,0.00166104925,-0.0012903694,0.000972573823,-0.000634689511,1.70081083,-0.000360095905,0.00016848971,0.000104169361
3.3,4.9613906,5.00070405,5.00269034,-0.000603150419,-4.44862865e-05,0.000387235103,0.988919344,-0.00021373505,0.148436354,-0.00226563404,0.00126306196,0.00168759491,-0.001291351,0.00146941421,-0.000843733348,1.70113708,-0.000102307253,0.000111877645,-9.11536315e-05
3.31666667,4.96138094,5.00070309,5.00269664,-0.000579763966,-5.79147198e-05,0.000378339354,0.988917212,-0.00020500824,0.148450382,-0.0022779811,0.00125167518,0.00170534457,-0.00131000404,0.00133812623,-0.00048624811,1.70016023,-0.000104805008,-2.45124193e-05,1.86255762e-05
3.33333333,4.96137163,5.00070199,5.00270254,-0.000558467025,-6.56535988e-05,0.000353896431,0.988915085,-0.000196422484,0.148464377,-0.00229032437,0.00123487776,0.00170136599,-0.00131206679,0.000927202635,-0.000679288198,1.70122513,-0.000188548089,-0.000129534975,-0.000211267184
3.35,4.96136257,5.00070072,5.00270831,-0.000543710137,-7.64648063e-05,0.000346401953,0.988912981,-0.000188042032,0.148478202,-0.00230298189,0.00121616047,0.00168065182,-0.00135301432,0.000997359611,-0.000409479335,1.70184698,-4.48149955e-05,-0.000204107743,1.36994684e-05
3.36666667,4.96135377,5.00069934,5.00271413,-0.000527836666,-8.29818723e-05,0.00034880451,0.988910918,-0.000179722433,0.148491759,-0.00231563032,0.00120885199,0.00164813302,-0.00135301456,0.00106674067,-0.000416152297,1.7026787,-0.000274552783,0.000231376449,0.00017815621
3.38333333,4.96134526,5.00069784,5.0027202,-0.000510858961,-8.96051418e-05,0.000364444411,0.988908809,-0.00017179873,0.148505618,-0.0023280991,0.001158585,0.00168472996,-0.00133875603,0.00168638287,0.000561830475,1.70152913,-0.000404172975,0.00011803313,-6.65756258e-05
3.4,4.96133719,5.0006965,5.00272623,-0.000484019344,-8.06633321e-05,0.000361788291,0.988906676,-0.000164392384,0.148519631,-0.00234073478,0.00110012157,0.00170323333,-0.00136778484,0.00167848012,0.00066151699,1.7018521,-0.000450420634,0.000230311112,6.60432649e-05
3.41666667,4.96132957,5.00069533,5.0027323,-0.000457305503,-7.01349622e-05,0.000364272303,0.988904497,-0.000157590525,0.148533945,-0.00235337251,0.00102833917,0.00173954897,-0.0013788086,0.00160040675,0.000173021286,1.70161144,-0.00044939887,5.90141443e-05,4.37080489e-05
3.43333333,4.96132237,5.00069421,5.00273835,-0.000431834238,-6.73812429e-05,0.000362926128,0.988902306,-0.00015138688,0.148548334,-0.00236604143,0.000957884158,0.00174860467,-0.00139317464,0.0017428279,6.38922593e-05,1.70193272,-0.00056161198,6.93636815e-05,-0.00022343695
3.45,4.96131564,5.0006931,5.00274446,-0.000404096271,-6.6364366e-05,0.000366693243,0.988900101,-0.000145876027,0.148562813,-0.00237911403,0.000882842262,0.00175926551,-0.00145343161,0.00151944309,-5.09979202e-05,1.70143329,-0.000166147648,0.000156457857,-1.56734685e-05
3.46666667,4.9613093,5.00069198,5.00275051,-0.000379913583,-6.71760231e-05,0.000362511699,0.988897864,-0.000140580493,0.148577496,-0.00239223991,0.000858181298,0.00178404547,-0.00146359619,0.00141622607,-0.000214067184,1.70185249,-8.94961672e-05,7.85134822e-05,1.58379103e-05
3.48333333,4.96130335,5.00069081,5.00275659,-0.000357373645,-7.05830082e-05,0.000365002063,0.988895611,-0.000135405709,0.148592282,-0.00240536262,0.000843766214,0.00179647184,-0.00146537782,0.000941981523,-0.000228681482,1.70184433,2.21021359e-05,5.7054935e-05,7.877164e-05
3.5,4.96129764,5.00068957,5.00276271,-0.000342381543,-7.4222587e-05,0.000367362515,0.988893347,-0.000130217643,0.148607142,-0.00241837766,0.000843400544,0.00180555659,-0.00145236482,0.00144890174,-0.000326942376,1.70181659,-3.39879989e-05,-0.000156508248,7.35441129e-05
3.51666667,4.96129232,5.00068824,5.00276887,-0.000319321556,-7.94260365e-05,0.000369281443,0.988891114,-0.000125088148,0.148621797,-0.00243130296,0.000834910055,0.00178061073,-0.00144275529,0.00161110871,0.000698827378,1.70183664,-0.000622344939,-3.61966377e-05,0.000141136722
3.53333333,4.96128742,5.00068711,5.00277506,-0.000293679965,-6.83038534e-05,0.000371519503,0.988888887,-0.000120802597,0.148636403,-0.00244416584,0.000733662877,0.00177435553,-0.00145039703,0.00138926523,-0.000276543578,1.70054389,-0.000178066672,6.25829158e-05,-0.000169926174
3.55,4.9612829,5.00068589,5.00278094,-0.000271569122,-7.27051811e-05,0.000353182794,0.988886647,-0.000116717295,0.14865109,-0.00245728667,0.000714477021,0.00178420592,-0.00148458268,0.000308082679,7.17026646e-05,1.70173015,-0.000316786723,0.000146495751,2.83731804e-05
3.56666667,4.96127845,5.0006847,5.00278684,-0.000266665834,-7.15639978e-05,0.000353726031,0.988884379,-0.000113053546,0.148665968,-0.00247043273,0.000664845917,0.00180727354,-0.00149510104,0.000992176156,0.00047925136,1.70257599,-0.000310303989,2.25172711e-06,-0.000149632228
3.58333333,4.96127427,5.00068364,5.00279297,-0.00025087486,-6.39364755e-05,0.000367731174,0.988882108,-0.00010976728,0.148680848,-0.00248383621,0.00062464353,0.00180741509,-0.00153238421,0.00131839449,0.000139578486,1.70149624,-0.000233214013,0.000179695798,8.79808021e-05
3.6,4.96127044,5.00068261,5.00279904,-0.00022989196,-6.17150149e-05,0.000364551532,0.988879802,-0.000106804826,0.148695963,-0.00249717027,0.000584908891,0.0018358197,-0.00152993016,0.00107195198,0.00031256036,1.70159913,-0.000340870892,-0.000131835113,-6.05032876e-05
3.61666667,4.96126689,5.00068166,5.00280509,-0.000212831314,-5.67404623e-05,0.000363009485,0.988877522,-0.00010427707,0.148710904,-0.00251065092,0.000535993474,0.00181458072,-0.0015550771,0.00126288989,0.000234663707,1.70199567,-0.000428406975,9.66712166e-05,9.84498917e-05
3.63333333,4.96126368,5.00068078,5.00281122,-0.000192731797,-5.30056734e-05,0.000367778627,0.988875222,-0.000102330926,0.14872597,-0.00252408693,0.000466141703,0.00182961485,-0.00156016328,0.00107021815,0.00054153297,1.70160189,-0.000375331245,-7.51815729e-05,-5.29051213e-05
3.65,4.96126075,5.00068004,5.00281733,-0.000175698746,-4.43869085e-05,0.000366280536,0.988872936,-0.000100866355,0.148740936,-0.00253766638,0.000411586092,0.00181736113,-0.00158577523,0.00106103126,0.000233094176,1.70164416,-0.000368965066,8.88538247e-05,-3.55851503e-05
3.66666667,4.96125811,5.00067936,5.00282342,-0.000158811909,-4.06770994e-05,0.000365455191,0.988870632,-9.98789728e-05,0.148756018,-0.00255136527,0.000357057232,0.00183121492,-0.0016084706,0.000436227702,-9.57611045e-05,1.70190133,-9.17615042e-05,1.0467049e-05,7.60595417e-05
3.68333333,4.96125557,5.00067866,5.00282957,-0.00015186913,-4.22011847e-05,0.000368722792,0.988868327,-9.90269804e-05,0.148771112,-0.0025649825,0.000339529638,0.00183279594,-0.00160119863,0.00158967132,0.000269337696,1.70133762,-0.000198018684,-0.000309228332,-0.000106639554
3.7,4.96125347,5.00067803,5.00283562,-0.000126568725,-3.79145422e-05,0.000363018724,0.988866081,-9.84126014e-05,0.148785801,-0.00257877871,0.000314654301,0.0017834387,-0.0016266645,0.000220476561,0.000768976792,1.70204082,-0.000461815075,5.90177289e-05,-3.82362107e-05
3.71666667,4.96125141,5.0006776,5.00284176,-0.000123059731,-2.56758964e-05,0.0003685064,0.988863823,-9.83965607e-05,0.148800565,-0.00259271619,0.000246151825,0.00179246469,-0.00165411401,0.00127808915,-0.000185092453,1.70147855,-0.000408868289,0.000165115,-3.1134624e-05
3.73333333,4.9612497,5.00067712,5.00284784,-0.000102718311,-2.86217343e-05,0.000365045308,0.988861532,-9.89111827e-05,0.148815544,-0.00260677517,0.000185283688,0.00181841622,-0.00167801526,0.000211068942,-0.000293704792,1.70155223,-5.80225486e-05,0.000128295204,3.5771696e-06
3.75,4.96124805,5.00067657,5.00285389,-9.93590442e-05,-3.32961913e-05,0.000362756804,0.988859215,-9.95030519e-05,0.148830692,-0.00262084089,0.000176184826,0.00183878687,-0.00168020088,-0.000156113872,-0.000659754206,1.70084686,-9.41451292e-05,-9.90601441e-05,-1.28561722e-05
3.76666667,4.96124635,5.00067584,5.00285971,-0.000101843674,-4.37965056e-05,0.000349241981,0.988856917,-0.000100215512,0.148845709,-0.00263494207,0.000162549614,0.00182294595,-0.00168655754,0.000423828668,-0.000664392927,1.70188064,-0.000148856097,0.000185517021,-0.000196953251
3.78333333,4.96124476,5.00067493,5.00286558,-9.50982309e-05,-5.43706474e-05,0.00035218023,0.988854581,-0.000101084966,0.148860968,-0.00264933092,0.000148981235,0.00185237954,-0.00172350607,0.000865786714,-0.000280178896,1.70240553,0.000228567208,-0.000109243124,7.89990728e-05
3.8,4.96124341,5.00067395,5.00287164,-8.13188074e-05,-5.8829833e-05,0.000363472451,0.988852267,-0.000101669864,0.148876086,-0.00266357105,0.000180136164,0.00183517028,-0.00170077025,0.00052881248,0.000479438296,1.70119077,1.88072598e-05,-8.8364674e-05,-0.000195515271
3.81666667,4.96124219,5.0006731,5.00287756,-7.29024953e-05,-5.11993356e-05,0.00035543119,0.988849969,-0.00010219118,0.148891087,-0.00267806389,0.000192233131,0.00182115342,-0.00172961846,0.000356671529,-0.000429859434,1.70238999,0.000138656191,-8.55814066e-05,-9.0734476e-05
3.83333333,4.96124107,5.00067213,5.00288367,-6.72258917e-05,-5.80407609e-05,0.000366476127,0.988847688,-0.000102512426,0.148905976,-0.00269264836,0.000217647034,0.00180766355,-0.00173691278,0.00055437512,0.000176985992,1.70226414,-3.5562857e-05,0.000146198025,-0.000158761474
3.85,4.9612401,5.00067121,5.00288993,-5.84027376e-05,-5.52239414e-05,0.000375517989,0.988845376,-0.000102849481,0.148921058,-0.00270744805,0.000219554571,0.00183092677,-0.0017627407,0.000508292714,-0.000437127077,1.70158881,0.000165527291,5.46713973e-06,-4.40451267e-05
3.86666667,4.96123926,5.00067017,5.00289616,-5.03130078e-05,-6.21810349e-05,0.000373811708,0.988843063,-0.000102960767,0.148936146,-0.00272227281,0.000246790056,0.00183194421,-0.0017616813,0.000511068509,-2.74828243e-05,1.70172456,-0.000126979362,9.33840708e-05,-7.69700029e-05
3.88333333,4.96123856,5.00066913,5.00290239,-4.21790999e-05,-6.26184376e-05,0.000374265983,0.98884073,-0.000103223719,0.148951357,-0.00273722358,0.000231005322,0.00184671077,-0.00177934969,0.000329941144,4.64705431e-05,1.70203047,9.58375664e-05,-8.22100071e-05,2.39698274e-05
3.9,4.96123794,5.0006681,5.00290872,-3.69279235e-05,-6.1878836e-05,0.000379588852,0.988838414,-0.000103365417,0.14896646,-0.00275212399,0.000244528735,0.00183370505,-0.00177120283,0.000293111677,-9.46864795e-05,1.70177839,-0.000161223182,0.000161907885,-3.09234851e-05
3.91666667,4.96123741,5.00066704,5.00291507,-3.22629062e-05,-6.33858181e-05,0.000380899835,0.988836065,-0.000103713039,0.148981775,-0.00276709679,0.000221317375,0.00185933927,-0.00178348137,0.000617426272,-3.95847575e-05,1.70210669,-0.000289714697,5.51619706e-05,0.000136032611
3.93333333,4.96123703,5.00066597,5.00292153,-2.24362619e-05,-6.40158291e-05,0.000387435858,0.988833705,-0.000104467699,0.148997161,-0.00278194842,0.000170828136,0.00186784524,-0.00177638323,-0.000448308136,-0.000174417017,1.70176584,0.000114875515,0.000189369036,0.000113493507
3.95,4.96123654,5.00066486,5.002928,-2.95713075e-05,-6.67917621e-05,0.00038854712,0.988831307,-0.000105094829,0.149012796,-0.00279662848,0.00018280976,0.00189806511,-0.00175375354,-5.99624442e-05,0.000348969063,1.70096981,0.000220598841,0.000185756291,8.59505161e-05
3.96666667,4.96123603,5.00066384,5.00293429,-3.05256394e-05,-6.1237747e-05,0.000376989154,0.988828873,-0.000105450323,0.149028675,-0.00281115219,0.000212163688,0.00192780752,-0.00173035343,-9.14612927e-05,-1.71700525e-05,1.70017155,0.00018094218,0.000206961151,0.00015943892
3.98333333,4.9612355,5.00066281,5.00294016,-3.19812911e-05,-6.15110169e-05,0.000352726476,0.988826398,-0.000105600802,0.149044826,-0.00282543101,0.000232018897,0.00196087853,-0.00169763828,-9.87226307e-05,-0.00108925686,1.70202842,0.000162614229,0.000179591099,0.000341845495
4,4.96123494,5.0006615,5.00294613,-3.35525106e-05,-7.88470783e-05,0.000358016807,0.988823888,-0.000105606265,0.149061214,-0.00283922933,0.000240552137,0.0019895475,-0.00163803857,0.000583822145,-0.000408260061,1.70074815,-0.000209782165,0.000126481677,-8.02711592e-06
4.01666667,4.96123453,5.00066008,5.00295185,-2.42606926e-05,-8.5344739e-05,0.000342930983,0.988821353,-0.00010588574,0.149077766,-0.00285307964,0.000208911459,0.00200949228,-0.00164911463,-0.000112684619,0.000696343226,1.70131973,-5.76923508e-05,0.000189967452,0.000432407335
4.03333333,4.9612341,5.00065884,5.00295746,-2.6054124e-05,-7.42620923e-05,0.000336942116,0.988818782,-0.000106327091,0.149094567,-0.00286637424,0.000179676586,0.00203960158,-0.00158608026,-0.000390897638,-0.000109840865,1.70168265,-0.000217335545,0.000153991909,-8.35796944e-05
4.05,4.96123356,5.00065757,5.00296307,-3.22754531e-05,-7.6010264e-05,0.000336729323,0.988816179,-0.000107037527,0.149111569,-0.0028798214,0.000150407427,0.00206392893,-0.00160900585,-0.000413467284,-0.000192442785,1.70192973,-0.000123266027,-0.000163149512,0.000219484945
4.06666667,4.96123291,5.00065626,5.00296875,-3.88559893e-05,-7.9073086e-05,0.000340448853,0.988813608,-0.000107952405,0.149128356,-0.00289300512,0.000121509432,0.00203781481,-0.00158139555,-0.000492975987,-0.000206636146,1.70250048,-0.000239189099,4.96023072e-05,7.19931901e-05
4.08333333,4.96123213,5.00065488,5.00297464,-4.67019459e-05,-8.23618024e-05,0.000353252159,0.988811028,-0.000109195398,0.149145208,-0.00290614172,8.17105248e-05,0.00204548023,-0.00158167933,-0.000748270049,-0.000763073991,1.70105403,-0.000181518438,3.90678535e-05,0.00018525864
4.1,4.96123116,5.00065331,5.00298035,-5.86110336e-05,-9.45065022e-05,0.000343034515,0.98880844,-0.00011071324,0.14916211,-0.00291907126,4.53741581e-05,0.00205150094,-0.00156203136,0.000262408805,-0.000348913186,1.70102413,-0.000129736686,0.000107030608,0.000246012779
4.11666667,4.96123025,5.00065164,5.00298589,-5.44346677e-05,-0.000100059628,0.000332340986,0.988805832,-0.000112450309,0.149179152,-0.00293170382,1.39963134e-05,0.00206837391,-0.00153072157,0.00101216035,0.000308040542,1.70071354,-9.71126038e-05,-3.49441869e-05,-0.000140498447
4.13333333,4.96122961,5.00065005,5.00299117,-3.83256354e-05,-9.51570105e-05,0.000316704312,0.988803229,-0.000114286801,0.149196147,-0.00294453985,5.85788471e-06,0.00206274791,-0.0015566435,0.000492859342,-0.000583458049,1.7010118,-6.85182266e-05,-0.000221441749,-0.000240561056
4.15,4.9612291,5.00064831,5.00299627,-3.04815354e-05,-0.000104443034,0.000305814679,0.988800669,-0.000116164684,0.149212852,-0.00295770496,6.94141843e-06,0.00202748414,-0.00159642005,-0.000814850766,-0.000827308675,1.70204847,8.2511914e-05,8.3274757e-05,7.91795404e-05
4.16666667,4.96122838,5.00064635,5.00300146,-4.34502881e-05,-0.00011761006,0.000311424069,0.988798092,-0.000117950355,0.149229666,-0.00297074988,1.56920441e-05,0.00204079983,-0.00158051293,-0.000439614563,-0.000708948001,1.70120807,-0.000354339966,4.6364147e-05,5.72563654e-05
4.18333333,4.96122754,5.0006442,5.00300652,-5.04469712e-05,-0.000128893318,0.000303658067,0.988795506,-0.000120212234,0.14924654,-0.00298378984,-4.09230325e-05,0.00204783925,-0.00158845408,-0.00078922482,-0.000583299674,1.70118331,-0.000216958079,-4.71189697e-05,1.11475584e-05
4.2,4.96122649,5.0006419,5.00301144,-6.30078743e-05,-0.000138176821,0.000295497959,0.988792929,-0.000122760658,0.149263351,-0.00299685813,-7.439322e-05,0.00204013565,-0.00159694553,-0.000429670223,-0.000874679257,1.70140695,-0.00021383111,-6.19063547e-05,-0.000200728863
4.21666667,4.96122532,5.00063937,5.00301629,-6.98462883e-05,-0.000152097774,0.000290897241,0.988790362,-0.000125549523,0.149280079,-0.003010232,-9.74195616e-05,0.00203011902,-0.00163750828,0.000370271926,-0.00063050076,1.70213513,-0.000328830989,0.000234427602,-4.16351163e-05
4.23333333,4.96122426,5.00063666,5.00302126,-6.39532275e-05,-0.000162132505,0.000297885922,0.988787749,-0.000128762317,0.149297114,-0.00302372553,-0.000145688463,0.00206712666,-0.0016593137,0.000363580259,-0.000360760063,1.70209367,-0.00033097539,-0.000387608979,8.99512226e-05
4.25,4.96122329,5.00063387,5.00302633,-5.8166668e-05,-0.00016787418,0.000304214723,0.988785212,-0.000132425416,0.149313639,-0.00303716671,-0.000199871129,0.00200510838,-0.00166114828,-7.40417455e-05,-0.000809881912,1.70204223,-0.000243054942,8.53267916e-05,2.05440318e-05
4.26666667,4.9612223,5.00063085,5.00303149,-5.9345079e-05,-0.000180763851,0.000309724759,0.988782658,-0.000136411673,0.149330275,-0.00305062906,-0.000237876518,0.00201845367,-0.00166945555,-0.00061736622,-0.000141920005,1.70198694,-0.000268278888,-0.000115209602,0.000211729859
4.28333333,4.96122115,5.0006278,5.00303673,-6.91707675e-05,-0.000183022578,0.00031435481,0.988780126,-0.000140791223,0.149346759,-0.0030638669,-0.00028850928,0.0019998222,-0.001649858,2.31633338e-05,-0.000582165843,1.70166358,-0.000177227572,-0.000359113988,-0.000127509009
4.3,4.96122,5.0006246,5.00304196,-6.88021116e-05,-0.000192288035,0.000313838498,0.988777665,-0.000145376475,0.149362771,-0.00307730712,-0.000309114858,0.00194252301,-0.00167754065,-9.86374154e-05,-0.000490022975,1.70089587,-0.000511302004,2.07718729e-05,-5.55336644e-06
4.31666667,4.96121883,5.00062126,5.00304698,-7.03719748e-05,-0.000200086993,0.000301103751,0.9887752,-0.000150631237,0.149378808,-0.00309085591,-0.000386617873,0.00194533828,-0.00170242358,0.000126041458,-0.000579075744,1.70132661,-0.000189389269,-0.000296839866,-4.13365096e-05
4.33333333,4.96121769,5.00061778,5.0030519,-6.83659627e-05,-0.000209303269,0.000295224457,0.988772792,-0.000156124958,0.149394455,-0.00310449649,-0.000413180021,0.0018979208,-0.0017175835,-0.0001865081,-0.000419381827,1.70185341,-0.000279287103,8.68780485e-05,-2.95482737e-05
4.35,4.9612165,5.00061418,5.00305686,-7.13343313e-05,-0.000215977938,0.000297729374,0.988770367,-0.00016197944,0.149410214,-0.00311823114,-0.000454341141,0.0019114826,-0.00173521697,-0.000196765627,-0.000400064991,1.70205046,-0.000435033609,-0.000184221306,4.27782306e-05
4.36666667,4.96121526,5.00061047,5.00306192,-7.44659536e-05,-0.00022234517,0.0003033705,0.988767977,-0.000168412138,0.149425731,-0.00313199593,-0.000522315706,0.00188173132,-0.00174915204,6.99700158e-05,-0.000370742566,1.70152765,-0.000248811888,-0.000321684408,5.76149921e-05
4.38333333,4.96121404,5.00060667,5.00306693,-7.33523462e-05,-0.000228245722,0.000300690774,0.988765652,-0.000175181209,0.149440824,-0.00314573455,-0.000562536121,0.00183027975,-0.00175206247,-9.06899583e-05,-0.000771548371,1.7012781,-0.000172863676,-0.000223074392,7.1457566e-05
4.4,4.96121279,5.00060266,5.00307183,-7.47957217e-05,-0.000240525295,0.000294039287,0.98876337,-0.000182190203,0.149455624,-0.00315941377,-0.000591957065,0.00179459273,-0.00174930705,4.6826387e-05,-0.000195279003,1.70183436,-2.38052765e-05,0.000122901709,-9.10636561e-05
4.41666667,4.96121156,5.0005986,5.00307677,-7.40504566e-05,-0.000243633257,0.000296241062,0.988761063,-0.00018921288,0.149470585,-0.00317321709,-0.00059141624,0.00181414819,-0.001764284,0.000189950173,-0.000934035163,1.70171905,-0.000236052796,-0.000241059087,-0.000146231431
4.43333333,4.96121037,5.00059429,5.00308171,-7.10273057e-05,-0.000258498889,0.000296607594,0.988758802,-0.00019651511,0.149485228,-0.00318725904,-0.000620183671,0.00177558038,-0.00179760023,0.000424803929,8.31756649e-06,1.70182283,-0.000389967765,0.000215687527,-0.000210542473
4.45,4.9612093,5.00058998,5.00308669,-6.42663412e-05,-0.00025836651,0.000298625752,0.988756498,-0.000204287905,0.149500153,-0.00320165435,-0.00066978678,0.00180956483,-0.00184797808,0.000538372316,-0.000710145745,1.70170434,-0.000280332873,-0.000373822199,0.000185069962
4.46666667,4.96120837,5.00058549,5.00309167,-5.56978796e-05,-0.000269668831,0.000298758227,0.988754267,-0.000212463431,0.149514587,-0.00321586264,-0.000720735464,0.00174975055,-0.00183299738,-8.18930026e-05,-0.000319869804,1.70246134,-0.000337364085,-0.000234786704,6.59938883e-05
4.48333333,4.96120742,5.00058091,5.00309685,-5.70012473e-05,-0.000274759717,0.000310938693,0.988752083,-0.000221093454,0.149528711,-0.00323005136,-0.000774892371,0.00171203131,-0.00183881883,-0.000829529544,-5.08097225e-05,1.70210724,-0.000195624099,-7.59719571e-05,5.92161663e-05
4.5,4.96120625,5.00057632,5.00310214,-7.020362e-05,-0.000275568379,0.000317483382,0.988749914,-0.000229991431,0.149542734,-0.00324420124,-0.000807342733,0.00169973021,-0.00183901566,-0.00018496986,0.000340625365,1.70167947,-0.000190567648,-0.000205070444,-8.77009155e-06
4.51666667,4.96120503,5.00057181,5.00310743,-7.31475067e-05,-0.000270147158,0.000317219938,0.988747785,-0.000239136691,0.149556488,-0.00325840047,-0.000835690949,0.00166690242,-0.0018493014,-0.000439304156,6.3035302e-06,1.70179026,-0.000161594379,-0.000274714337,0.000123716929
4.53333333,4.9612037,5.00056731,5.00311274,-8.01392495e-05,-0.000270046834,0.000318719734,0.988745711,-0.000248517212,0.14956988,-0.00327246961,-0.000865796877,0.00162298883,-0.00183807636,0.000601671588,-0.000400584528,1.70164984,-0.0003621521,-0.000183224499,7.09781926e-05
4.55,4.96120252,5.00056271,5.00311804,-7.05633488e-05,-0.000276422335,0.000317984713,0.988743672,-0.000258385933,0.149583031,-0.00328651757,-0.000924005385,0.00159344306,-0.00184431901,0.000321803969,0.00011920138,1.70179641,-0.000201006779,-0.000383446592,-0.00027583269
4.56666667,4.96120143,5.00055813,5.00312336,-6.54416796e-05,-0.000274525186,0.000319582472,0.988741708,-0.000268461852,0.149595678,-0.00330096725,-0.000941177444,0.00153227712,-0.00189568879,-0.000197058068,-0.000313880913,1.70224264,5.05570579e-05,-0.00020877151,-6.20266843e-05
4.58333333,4.96120029,5.00055347,5.00312884,-6.85779561e-05,-0.000279520756,0.00032828214,0.988739784,-0.000278458251,0.149608051,-0.00331548832,-0.000930351487,0.0014991177,-0.0019027233,-8.71833823e-05,-0.000344956813,1.70220645,-0.000191674889,0.000179878059,0.000112440207
4.6,4.96119912,5.00054872,5.00313444,-6.99655227e-05,-0.000285010914,0.00033640581,0.988737825,-0.000288729107,0.149620659,-0.0033298999,-0.000964975569,0.00152752048,-0.00189466677,-2.7987203e-05,0.000685490706,1.70100153,-4.66596069e-05,-3.99600175e-05,-0.000144187223
4.61666667,4.96119795,5.00054415,5.00313987,-7.04109529e-05,-0.000274100991,0.000325352718,0.988735873,-0.00029903236,0.149633215,-0.00334450983,-0.000965236956,0.00152114849,-0.00191878191,0.000342889583,0.000155027235,1.7015784,-2.77035469e-05,-0.000143941805,-4.41935527e-05
4.63333333,4.96119687,5.00053963,5.00314526,-6.49536957e-05,-0.000271633655,0.000323480781,0.988733948,-0.000309362534,0.149645581,-0.00335918327,-0.000967213805,0.00149822239,-0.00192679584,0.000450869926,0.000274197819,1.70162731,-0.000162881494,-0.000220092337,2.72314963e-05
4.65,4.9611959,5.00053517,5.00315063,-5.77778779e-05,-0.000267269662,0.000322387268,0.988732067,-0.000319910726,0.149657659,-0.00337385342,-0.000993022153,0.0014630176,-0.00193031342,0.000730940792,-8.91927169e-05,1.70259451,-0.000187139207,-8.68394249e-05,5.80305277e-07
4.66666667,4.96119513,5.00053069,5.00315624,-4.61445939e-05,-0.000268689208,0.000336687096,0.988730202,-0.000330704048,0.149669621,-0.00338855998,-0.00102140523,0.00144900098,-0.00193903445,0.000939967737,0.000463228819,1.70095229,-6.31107153e-05,-0.00024146728,-0.000174148159
4.68333333,4.96119461,5.00052634,5.00316166,-3.11845428e-05,-0.000261316692,0.000324850328,0.988728384,-0.000341544476,0.149681267,-0.00340350755,-0.00102253497,0.00141055109,-0.00196846819,0.000708569779,0.000242847744,1.70163986,-0.000298100869,-0.000388283703,9.7443421e-05
4.7,4.96119428,5.00052205,5.00316705,-1.99073045e-05,-0.00025745165,0.000323956455,0.988726643,-0.000352793408,0.149692402,-0.00341838668,-0.00107202027,0.00134841453,-0.00196767633,0.000754150641,-0.000311235265,1.70273134,-0.000478381261,-0.000293370274,6.93249283e-05
4.71666667,4.96119415,5.00051767,5.00317273,-7.90462425e-06,-0.000262405113,0.000340434076,0.98872496,-0.000364682093,0.14970315,-0.00343327003,-0.00114768853,0.00130119869,-0.00197965959,0.00099356783,0.00025547715,1.7009781,-8.91640051e-05,-0.000194796427,-0.00019098197
4.73333333,4.96119428,5.00051337,5.00317821,7.9084989e-06,-0.000258339068,0.000329008047,0.988723314,-0.000376648896,0.149713642,-0.0034484216,-0.00115203117,0.00127015499,-0.00201288437,-0.000668713847,0.000514088885,1.70101486,-0.000161518719,-6.05092289e-05,-8.41988827e-05
4.75,4.96119424,5.0005092,5.00318351,-2.73441252e-06,-0.00025015709,0.000318167044,0.988721679,-0.000388810508,0.149724054,-0.0034637157,-0.00117255068,0.0012603763,-0.00203329203,-0.000205638458,-2.14727518e-05,1.70180994,-0.000207682001,-0.000260594664,0.000126794829
4.76666667,4.96119414,5.00050502,5.00318885,-6.00725023e-06,-0.000250498839,0.000319980165,0.988720096,-0.000401268441,0.149734123,-0.00347888489,-0.00120980732,0.00121864339,-0.00202379194,3.65294692e-05,-3.68808853e-05,1.70156314,-0.000300442425,-0.000467995131,8.61890976e-05
4.78333333,4.96119405,5.00050084,5.00319415,-5.42586567e-06,-0.000251085816,0.000317865362,0.988718606,-0.000414135311,0.149743577,-0.00349400098,-0.00125901913,0.0011438131,-0.00202482938,0.000193174286,0.000215923702,1.70243123,-0.000324918915,-0.000306405811,-0.00025270712
4.8,4.96119401,5.00049671,5.00319964,-2.35140143e-06,-0.000247649284,0.000329566555,0.988717175,-0.000427376647,0.149752627,-0.00350951314,-0.00129615899,0.00109477245,-0.00207854681,0.000136278406,0.000104729958,1.70143399,-0.0002062165,-0.000177318189,0.00029099135
4.81666667,4.961194,5.00049261,5.00320506,-1.82463237e-07,-0.000245982455,0.000325396154,0.988715779,-0.000440945371,0.149761444,-0.00352468478,-0.0013410213,0.00106624071,-0.00204402457,0.000244671632,-0.00055297055,1.70171069,-0.000137330071,-0.000118063311,0.000228902233
4.83333333,4.96119407,5.00048837,5.00321049,3.71160673e-06,-0.000254783255,0.000325629654,0.988714408,-0.000454739093,0.149770106,-0.00353958359,-0.00137255229,0.00104723114,-0.00201569718,7.32190939e-05,0.000455680593,1.70108004,8.46451756e-05,-5.99607238e-05,0.000306614447
4.85,4.96119415,5.00048424,5.00321575,4.8769248e-06,-0.000247530873,0.000315825983,0.988713049,-0.000468482442,0.149778689,-0.00355406356,-0.00137406941,0.00103768518,-0.00196509588,0.000669271692,0.000224846001,1.70075962,9.15037254e-05,-0.000424253942,-0.000297021959
4.86666667,4.96119441,5.00048017,5.00322077,1.55287146e-05,-0.000243952337,0.000300922658,0.988711773,-0.000482044796,0.149786716,-0.0035689151,-0.00134567506,0.000970359228,-0.0020059247,0.000477576051,-0.000749577334,1.70210638,-4.39815467e-05,-0.000200623107,-3.54564803e-05
4.88333333,4.96119479,5.00047591,5.00322589,2.31295735e-05,-0.000255882231,0.000307453775,0.988710536,-0.000495656831,0.149794479,-0.003583822,-0.0013504593,0.00093839292,-0.00201338419,0.000510850035,-0.000472840623,1.70196237,-2.16682491e-05,-0.000133686532,-0.000153490447
4.9,4.96119531,5.00047152,5.00323109,3.12600044e-05,-0.000263407724,0.000311692804,0.988709325,-0.00050926615,0.149802068,-0.00359893457,-0.00134636324,0.000917142849,-0.00203773618,0.000971986719,-0.000519090954,1.70238642,-0.000120945935,-0.000152479916,-0.000118028151
4.91666667,4.96119609,5.00046699,5.00323646,4.67296535e-05,-0.000271669313,0.000322680778,0.988708142,-0.000523009889,0.149809455,-0.00361422603,-0.00135900717,0.000892780678,-0.0020613782,0.000516321611,0.000569057532,1.70263702,-0.000270372358,-8.21720221e-05,0.000204648369
4.93333333,4.96119701,5.00046261,5.00324209,5.49471671e-05,-0.000262612481,0.000337657278,0.988706977,-0.000537148439,0.149816734,-0.00362930292,-0.00140965865,0.000879333195,-0.00204301625,0.000712558963,0.000604358381,1.70056783,0.000149983195,-0.000133180186,-5.82559816e-06
4.95,4.96119811,5.0004584,5.00324742,6.62878953e-05,-0.000252993818,0.000319701497,0.988705837,-0.000551088515,0.149823839,-0.00364435774,-0.00138643007,0.000858306943,-0.00203682953,0.000641080875,0.000110504361,1.70202956,-0.000126229173,-6.3103489e-05,-3.36211445e-05
4.96666667,4.96119939,5.00045421,5.00325284,7.64910143e-05,-0.000251235087,0.000325010011,0.988704709,-0.000565187131,0.14983086,-0.00365948177,-0.00140395829,0.000848134199,-0.00204789225,-3.01107883e-05,0.000158038868,1.70175454,-3.14194937e-05,-0.000109790913,-7.89434871e-05
4.98333333,4.96120065,5.00045007,5.00325827,7.60117862e-05,-0.00024871982,0.000325941326,0.988703602,-0.000579310727,0.149837737,-0.00367471565,-0.00140488236,0.000830653393,-0.00206137432,0.000628132463,0.000500425689,1.70159026,-5.03175477e-05,-0.000251856234,6.08033353e-05
5,4.96120209,5.00044605,5.00326367,8.60088248e-05,-0.000240755298,0.000324258116,0.988702545,-0.000593511161,0.149844283,-0.00368987998,-0.00141509981,0.000790491794,-0.00205450629,0.00053951032,0.000592516388,1.70168477,-2.83759051e-05,-6.27446001e-05,4.49804198e-05
5.01666667,4.96120366,5.0004422,5.00326908,9.45953983e-05,-0.000231325107,0.000324078997,0.988701501,-0.000607757436,0.149850747,-0.00370499102,-0.00142145957,0.000780457493,-0.00204900777,0.000228663649,5.78024318e-06,1.70180604,3.51330512e-05,-0.000280371896,1.36021895e-05
5.03333333,4.9612053,5.00043834,5.00327451,9.82346933e-05,-0.000231233111,0.000325829956,0.988700511,-0.000621958966,0.149856843,-0.00372007747,-0.00141642567,0.00073587112,-0.00204528731,0.000315549877,-0.00010084406,1.70169685,-1.83759241e-05,7.16871813e-05,5.14607452e-05
5.05,4.96120702,5.00043446,5.00327994,0.000103256826,-0.000232838094,0.000325843127,0.988699507,-0.000636195174,0.149863033,-0.00373510002,-0.00142173186,0.000747239991,-0.00203833029,0.000812308064,0.000177490521,1.70097814,-0.000213818935,-0.000289986531,-0.000214416876
5.06666667,4.96120896,5.00043063,5.00328518,0.00011618511,-0.000230013245,0.000314417625,0.988698559,-0.000650667708,0.149868842,-0.00375044648,-0.00144377045,0.000700924809,-0.002081014,-0.0001147609,0.000291319998,1.70307795,-9.96793154e-05,-0.000454260879,0.00025945262
5.08333333,4.96121086,5.00042687,5.00329078,0.000114358633,-0.000225376743,0.000336411774,0.988697702,-0.000665320264,0.149874055,-0.00376547293,-0.00147060857,0.000628414932,-0.00204628907,0.00051754413,0.000526675887,1.70121721,-0.000276279448,-0.000115665542,-0.000225154361
5.1,4.96121291,5.00042326,5.00329626,0.000122595604,-0.000216994436,0.000328791321,0.988696866,-0.000680289772,0.149879114,-0.00378084964,-0.00150184272,0.000609775685,-0.00209354861,-0.000162573583,0.000140900759,1.70101217,-0.00011448915,4.65404872e-06,0.000144614564
5.11666667,4.96121491,5.00041968,5.00330156,0.000120008165,-0.000214751931,0.000317907472,0.98869603,-0.00069543818,0.149884179,-0.00379605947,-0.00152607192,0.000610326819,-0.00207696682,-0.000243745682,-0.000146922483,1.70129026,0.000244451409,-0.000375210441,0.000155807054
5.13333333,4.96121684,5.00041606,5.00330675,0.000116128832,-0.000217090275,0.000311449563,0.988695268,-0.000710295122,0.149888753,-0.00381101673,-0.00149580408,0.00055083361,-0.00204176665,0.000106609929,-0.00065436228,1.70081411,-0.000117226574,-0.000436419396,8.02043123e-05
5.15,4.96121881,5.00041227,5.00331171,0.000117825582,-0.000227504774,0.000297413448,0.988694593,-0.000725319521,0.149892754,-0.00382589254,-0.00151686749,0.000481208256,-0.0020351234,0.00029344261,-0.000309229525,1.7020813,5.75248868e-05,0.000128504781,-0.000169066627
5.16666667,4.96122085,5.00040839,5.00331677,0.000122495866,-0.000232426315,0.00030354537,0.988693892,-0.000740235529,0.149896924,-0.00384097849,-0.00150030774,0.000501796533,-0.0020581025,0.000326101202,-0.000409374036,1.70187128,-1.79400176e-05,-0.000155048333,-9.76131768e-05
5.18333333,4.96122298,5.00040441,5.00332187,0.000127685928,-0.000238941705,0.000306334707,0.98869322,-0.000755154865,0.14990089,-0.00385619615,-0.00149823696,0.000477140156,-0.00207379399,0.00109560162,0.000534144653,1.70133499,-0.000441870021,-7.73855304e-05,-0.00031885834
5.2,4.96122539,5.00040057,5.00332688,0.000145122969,-0.000230440529,0.000300588744,0.988692561,-0.000770589834,0.149904753,-0.00387191986,-0.0015502615,0.000464438368,-0.00214311115,0.000293891676,-0.000675580747,1.70104163,-0.000201699796,-0.000318060492,0.000373654517
5.21666667,4.96122789,5.00039655,5.00333172,0.000149800401,-0.00024119273,0.000290173832,0.988691966,-0.000786361947,0.149908197,-0.00388719401,-0.00159814746,0.000413421035,-0.00209584904,0.000587696831,0.000150190746,1.70106557,-3.77839552e-05,-0.000699465493,0.000364838703
5.23333333,4.96123054,5.00039257,5.00333639,0.000159153886,-0.00023880237,0.000280139924,0.988691512,-0.000802252536,0.149910723,-0.003901998,-0.00162022046,0.00030189838,-0.00204221895,0.000229777938,-1.12034625e-05,1.70075831,-2.43237259e-05,-0.000426457241,-2.41371527e-05
5.25,4.96123326,5.00038859,5.00334081,0.000162810916,-0.000238980679,0.000265215859,0.988691142,-0.000818168015,0.14991269,-0.00391683893,-0.00162223884,0.000234009406,-0.00204706367,7.35903843e-05,0.000638958066,1.70089547,0.000230134515,-0.000354466202,-1.70483163e-05
5.26666667,4.96123599,5.00038477,5.00334502,0.000163982143,-0.000228811345,0.000252474671,0.988690842,-0.000833776489,0.149914194,-0.00393165683,-0.00158600413,0.000177878436,-0.00203882229,0.000635189361,0.000645388903,1.70195558,0.000183125985,-0.000100401755,-0.000284558885
5.28333333,4.96123889,5.00038113,5.00334929,0.000174091496,-0.000218539662,0.000256605691,0.988690561,-0.000849087728,0.149915567,-0.00394681158,-0.00154461639,0.000162246873,-0.00207344303,-0.000275242185,0.000771538799,1.70223567,-0.000170962,0.000140049058,-0.000152127486
5.3,4.96124172,5.00037769,5.00335371,0.00016971088,-0.000206260241,0.000265194523,0.98869025,-0.000864593633,0.149917123,-0.00396219964,-0.00156360437,0.000184399524,-0.00210462164,0.000256709916,0.000787811158,1.70206835,7.92085747e-05,-0.000359516225,-1.98296643e-05
5.31666667,4.96124462,5.00037447,5.00335823,0.000173796545,-0.000193721837,0.000271120381,0.98869001,-0.00087998984,0.149918207,-0.00397759836,-0.00155016632,0.000127287267,-0.00210392843,0.000103656756,0.000107825294,1.70223414,-0.000274944587,-0.000417214792,-2.62459047e-05
5.33333333,4.96124754,5.00037126,5.00336289,0.000175446294,-0.000192005744,0.000279684883,0.988689852,-0.000895739159,0.149918743,-0.00399308666,-0.00159017867,6.05672986e-05,-0.00212092657,0.000385106969,0.000327291949,1.70172825,4.11695702e-05,-0.000484203318,6.257333e-05
5.35,4.96125057,5.00036815,5.00336756,0.000181575462,-0.000186796731,0.000280197884,0.98868979,-0.000911444371,0.149918645,-0.00400848529,-0.00158624409,-1.64730582e-05,-0.00210951716,0.000633635986,0.000522681535,1.70146709,3.8073046e-05,-0.000501477493,-9.48946747e-07
5.36666667,4.96125376,5.00036518,5.00337217,0.000191660092,-0.000178477996,0.000276554405,0.988689828,-0.000927096802,0.149917889,-0.0040238782,-0.00157975795,-9.62361553e-05,-0.00210791295,0.000479657732,0.000600589012,1.70166952,8.21998794e-05,-0.000413921453,-8.08979848e-05
5.38333333,4.96125708,5.00036236,5.00337678,0.000199294082,-0.000168919325,0.000276132611,0.988689947,-0.00094262315,0.14991659,-0.00403936135,-0.00156290472,-0.000161971959,-0.00211637244,-0.00023741133,0.000259414681,1.70203878,-3.75770807e-05,-0.000510749354,-1.43957931e-05
5.4,4.96126034,5.00035962,5.00338147,0.000195515563,-0.000164790612,0.000281587826,0.988690167,-0.000958193174,0.149914622,-0.00405487149,-0.00156726485,-0.00024329648,-0.00212038661,0.000538643222,0.00047977428,1.70143417,-0.000146349719,-0.000486044162,0.00013283685
5.41666667,4.96126374,5.000357,5.00338609,0.000204088336,-0.000157154767,0.000277420379,0.988690484,-0.000973978903,0.149912015,-0.00407023715,-0.00159513396,-0.000320895952,-0.00210715272,0.00031564014,0.00101376336,1.70072721,0.000182246945,-0.000237958027,0.000131202281
5.43333333,4.96126723,5.00035465,5.00339046,0.000209111905,-0.000141020222,0.000262001224,0.988690848,-0.000989550454,0.149909097,-0.00408539484,-0.00157330707,-0.000358607542,-0.00207863814,0.000853317401,0.000248304697,1.70183363,0.000261504755,-0.000547722062,-4.65308761e-05
5.45,4.96127094,5.00035236,5.00339486,0.000222692873,-0.00013706833,0.000264191412,0.988691321,-0.00100476688,0.149905462,-0.00410056227,-0.00153063405,-0.000445429701,-0.00207343711,0.000181428591,0.000239908451,1.70280084,0.000232046372,-0.000192000302,-0.000139524055
5.46666667,4.9612747,5.00035014,5.00339956,0.000225580399,-0.000133250068,0.000281775169,0.988691831,-0.00101965023,0.149901576,-0.00411586677,-0.00148852469,-0.000475626662,-0.00208372064,0.000511478567,0.000254579028,1.70242977,-0.000128979996,-0.000225525522,1.13498326e-05
5.48333333,4.9612786,5.00034799,5.00340445,0.000233720833,-0.000129198317,0.000293453217,0.988692386,-0.00103470375,0.149897394,-0.00413118234,-0.00150836158,-0.000511685537,-0.0020881084,0.000232163743,0.000470012888,1.70171196,4.6185062e-05,-0.000382083004,0.000112025818
5.5,4.96128255,5.00034596,5.00340935,0.000237415834,-0.00012171783,0.000293706852,0.988693017,-0.00104971687,0.149892712,-0.00414634235,-0.00150611054,-0.000572494525,-0.00206895049,0.000256787869,-0.000211672029,1.70199032,-3.66219372e-05,-0.000309406819,-8.68251707e-06
5.51666667,4.96128658,5.00034387,5.00341432,0.00024150274,-0.000125086695,0.000298390823,0.988693708,-0.0010647746,0.149887623,-0.00416152145,-0.00151084819,-0.000621777716,-0.00207203888,0.000191407847,0.000356153219,1.70251168,0.000288783086,-0.000231161033,0.000219587438
5.53333333,4.96129065,5.00034188,5.00341951,0.00024454909,-0.00011941834,0.000311372429,0.988694447,-0.00107949601,0.149882232,-0.00417635553,-0.0014769971,-0.000658320419,-0.00202506974,0.000361720483,0.000239479975,1.70160498,9.81687828e-05,-0.000366788564,-0.000208137361
5.55,4.96129482,5.00033996,5.00342467,0.00025030605,-0.000115606898,0.000309923511,0.988695257,-0.0010940453,0.149876361,-0.00419144354,-0.00145175714,-0.000716458306,-0.00205212822,0.000370670575,-3.99217625e-05,1.7020621,0.000101556233,-0.000252249538,7.15844929e-05
5.56666667,4.96129909,5.00033802,5.00342994,0.000256205456,-0.000116242273,0.000315749826,0.988696117,-0.00110847424,0.14987016,-0.00420641786,-0.00143935115,-0.00075651386,-0.00203649314,0.000615222862,0.000167488276,1.70168907,9.15130133e-05,-0.000297315959,8.65936704e-05
5.58333333,4.96130353,5.00033613,5.0034352,0.000265997032,-0.000113576614,0.000315639173,0.988697037,-0.00112279873,0.149863569,-0.00422126088,-0.00142911603,-0.000803762652,-0.0020190581,0.000413811248,0.000260569918,1.70120027,0.000224015455,-0.000377842198,3.43529301e-07
5.6,4.96130807,5.0003343,5.00344033,0.000272583042,-0.000109429515,0.000307749048,0.988698032,-0.00113682742,0.149856484,-0.00423605948,-0.00139455961,-0.000863610399,-0.00200849754,0.000796563882,-3.20086613e-05,1.70136339,0.000197557762,-0.000240186929,-0.000105395644
5.61666667,4.96131283,5.00033247,5.00344537,0.00028526075,-0.000109938949,0.000302455032,0.988699073,-0.00115057476,0.149849085,-0.00425095738,-0.00135922694,-0.000901524202,-0.00201523828,0.000557487228,-0.00012409293,1.70219996,3.11557664e-05,-0.00010997074,-9.15913679e-05
5.63333333,4.96131773,5.0003306,5.00345054,0.000294133435,-0.000111913949,0.000310475511,0.988700136,-0.00116426242,0.149841542,-0.00426596936,-0.0013500188,-0.000918934202,-0.00202770899,0.000394079966,0.000627778692,1.70180043,0.000147481303,-0.000265129525,-0.000176785258
5.65,4.96132273,5.00032891,5.00345574,0.000300405413,-0.000101922541,0.000312137191,0.98870125,-0.00117772005,0.149833652,-0.00428118426,-0.00131889423,-0.000960838668,-0.00204766988,0.000578220622,0.000765017632,1.70272634,0.00020395085,-0.000363860299,-9.22961596e-05
5.66666667,4.96132789,5.00032741,5.00346122,0.00030960808,-8.97469069e-05,0.00032853527,0.988702435,-0.00119088983,0.149825287,-0.00429648022,-0.00128303036,-0.00101843016,-0.00205214268,-0.000114416448,0.000635891331,1.70182932,0.000245753004,-0.00037740408,7.4536843e-05
5.68333333,4.96133302,5.00032608,5.00346673,0.000307787085,-7.96263821e-05,0.000330656768,0.988703696,-0.00120375001,0.149816428,-0.0043116302,-0.00124865768,-0.00107821836,-0.00202928835,7.59591757e-05,0.000682205286,1.70271861,6.63036355e-05,-0.000337917279,0.000118886381
5.7,4.96133817,5.00032494,5.00347251,0.000308996013,-6.87687477e-05,0.000346931778,0.988705025,-0.00121654494,0.149807126,-0.00432661165,-0.00124370651,-0.00113198073,-0.00200814868,3.76962342e-05,0.000880029563,1.70074972,0.000231860183,-0.000141072488,1.36308059e-05
5.71666667,4.96134333,5.00032402,5.00347804,0.000309595967,-5.47626422e-05,0.000331870858,0.988706381,-0.00122903773,0.14979764,-0.00434152938,-0.00120890486,-0.00115413798,-0.00199516977,-0.000371226363,0.0010575389,1.70188074,-1.55364834e-05,1.10190824e-05,2.00454838e-05
5.73333333,4.9613484,5.00032339,5.00348362,0.000303687716,-3.79313878e-05,0.000334810699,0.988707735,-0.00124155493,0.149788168,-0.00435642389,-0.00121222718,-0.00115241653,-0.00199285311,2.49536469e-05,0.000552793375,1.70146865,3.97091961e-05,3.8677599e-05,7.75042819e-05
5.75,4.96135346,5.00032291,5.00348914,0.000304084866,-2.9133408e-05,0.000331191914,0.988709081,-0.00125403569,0.149778747,-0.00437120881,-0.00120989989,-0.00114625534,-0.00197919241,-0.000130738113,0.000641907288,1.70165341,0.000206817504,-0.000212389203,-7.87283681e-05
5.76666667,4.9613585,5.00032259,5.00349465,0.000302004104,-1.89171363e-05,0.000330513723,0.988710469,-0.00126622837,0.149769049,-0.00438605624,-0.00117444615,-0.00117973711,-0.00198145048,0.000365726664,-0.00041918479,1.70184272,5.71248103e-05,-0.000188476746,0.000145389692
5.78333333,4.96136363,5.00032216,5.0035002,0.000307824825,-2.55886694e-05,0.000332848568,0.988711895,-0.00127837392,0.149759104,-0.00440070198,-0.00117234378,-0.0012097458,-0.00195669217,-0.000155012692,6.41567585e-05,1.70162355,-0.000171995182,-6.07325884e-05,7.01318263e-05
5.8,4.96136872,5.00032176,5.00350573,0.000305357721,-2.45675829e-05,0.000331695216,0.988713332,-0.00129075859,0.149749078,-0.00441529003,-0.00120170623,-0.00121968194,-0.00195414948,0.000126860902,0.000683587771,1.70119909,-2.45943262e-05,-0.000658208285,-4.50719007e-06
5.81666667,4.96137384,5.00032153,5.00351112,0.000307376775,-1.36879456e-05,0.000323786327,0.9887149,-0.00130317076,0.149738188,-0.00442988999,-0.0012042773,-0.00132446449,-0.00195612264,-0.000802268338,0.000106489954,1.70153434,0.000219970344,-0.000136501977,0.000141275458
5.83333333,4.96137875,5.00032133,5.00351648,0.000294608278,-1.19931053e-05,0.000321213086,0.988716495,-0.00131532173,0.149727121,-0.00444426124,-0.00117729783,-0.00134598328,-0.00192430691,-1.84767455e-05,-0.000117791075,1.70104658,0.000206450687,-0.000205702474,-0.000280589192
5.85,4.96138366,5.0003211,5.00352166,0.000294314211,-1.38678085e-05,0.000310876876,0.98871813,-0.00132714505,0.149715785,-0.0044589598,-0.00113239273,-0.00137826904,-0.0019572745,0.000285623739,-0.000143830735,1.70202384,0.000333139026,-0.000260513362,0.000236651617
5.86666667,4.96138864,5.00032083,5.00352693,0.000298860054,-1.61569458e-05,0.00031609421,0.988719817,-0.00133857696,0.14970411,-0.00447328233,-0.00109251914,-0.00141943194,-0.00190565469,-9.52970442e-07,0.000423852552,1.70212394,0.000259864039,0.000203368697,-0.000104470721
5.88333333,4.96139362,5.00032067,5.00353231,0.000298844887,-9.41112288e-06,0.000322904778,0.988721464,-0.00134964857,0.149692703,-0.0044876899,-0.00104839332,-0.00138665067,-0.00190925014,-0.000200775701,0.000655919259,1.70079993,5.46827907e-05,-0.000330243423,1.88292624e-05
5.9,4.96139854,5.00032069,5.00353745,0.000295649443,1.02815636e-06,0.000308643068,0.988723176,-0.00136065024,0.149680862,-0.00450206251,-0.00104048004,-0.00143914654,-0.00190388106,0.00043358207,0.000110054658,1.70186738,0.000381946146,3.37796445e-05,-8.47047799e-05
5.91666667,4.96140359,5.00032073,5.00354264,0.000302550116,2.77973064e-06,0.000311370413,0.988724882,-0.00137113443,0.149669069,-0.00451647031,-0.000978477726,-0.00143319972,-0.00189875759,0.000318258424,-0.000559454193,1.70194206,8.62037231e-05,-9.84416458e-05,0.000256020106
5.93333333,4.96140871,5.00032063,5.0035479,0.000307615356,-6.12425939e-06,0.00031528618,0.988726607,-0.00138155582,0.149657146,-0.00453052545,-0.000977285909,-0.00144891517,-0.00185579699,-0.000243924295,-0.000173439817,1.70241537,-0.000373218661,-0.000248114971,-0.000134954464
5.95,4.96141378,5.00032048,5.00355334,0.00030373318,-8.8846398e-06,0.000326734995,0.988728381,-0.00139243834,0.149644896,-0.00454483209,-0.00102729605,-0.00148882191,-0.00189394725,-0.000469375119,0.000286117029,1.70083852,0.000195463531,-0.000296682589,-0.000189263707
5.96666667,4.96141871,5.00032041,5.00355856,0.000296262843,-4.33094585e-06,0.000313087508,0.988730211,-0.00140302519,0.149632259,-0.00455934867,-0.000988224311,-0.00153564774,-0.00191358003,0.000101440608,-0.000166938302,1.70227507,0.00037946936,-0.000167254306,0.000171741753
5.98333333,4.96142368,5.00032029,5.00356393,0.000297877321,-6.98785144e-06,0.000322303353,0.988732077,-0.0014131475,0.149619404,-0.00457356504,-0.000938373088,-0.00156185985,-0.00186963712,-0.000480419766,0.0010099566,1.7009251,0.000573356848,-0.000171260754,-0.000109716496
6,4.96142852,5.00032045,5.0035691,0.000290231203,9.08610711e-06,0.000310033697,0.988733976,-0.00142249513,0.149606327,-0.00458781183,-0.000845785662,-0.0015882562,-0.00185935622,4.03165966e-05,0.000384816676,1.70200164,-8.64248572e-05,-0.000321756069,-6.9066989e-05
6.01666667,4.96143336,5.0003207,5.00357435,0.000290872861,1.52106547e-05,0.000314897831,0.988735938,-0.00143194042,0.149592829,-0.00460216694,-0.000855186068,-0.00163953583,-0.00187399969,4.01016873e-05,-0.000604547528,1.70191906,0.000350673273,-0.000119169123,9.85937981e-05
6.03333333,4.96143822,5.00032079,5.00357966,0.000291511099,5.58898199e-06,0.000318447536,0.988737924,-0.0014409447,0.149579176,-0.00461632341,-0.000806335851,-0.00165808333,-0.00184252733,0.000303659445,0.000225744262,1.70175706,0.000246510758,-0.000140907004,0.000111273691
6.05,4.96144316,5.00032095,5.00358498,0.000296343989,9.18181351e-06,0.000319419069,0.98873994,-0.00144964692,0.14956534,-0.00463028533,-0.000773883461,-0.00168024201,-0.00181403771,-3.04125845e-05,0.000156870867,1.70099758,0.000304505266,-0.000179842627,-0.000100393924
6.06666667,4.96144809,5.00032114,5.00359012,0.000295859958,1.16784909e-05,0.000308303067,0.98874199,-0.00145792881,0.14955127,-0.00464431883,-0.000722590234,-0.00170837284,-0.00181500905,0.000436188047,0.000345010711,1.70156914,0.000220550574,-9.1526104e-06,-0.00015235886
6.08333333,4.96145314,5.00032143,5.00359522,0.000302802107,1.71695069e-05,0.000306283624,0.988744041,-0.00146589119,0.149537189,-0.00465850841,-0.000681875304,-0.00170941879,-0.00182779383,0.00031171262,0.000838705192,1.70212793,9.19922462e-05,-0.000343394497,-3.43707599e-05
6.1,4.96145827,5.00032194,5.00360044,0.000307763167,3.05179146e-05,0.000313157718,0.98874616,-0.00147372401,0.149522659,-0.00467272547,-0.000665744745,-0.00176391718,-0.00182877205,0.000688338318,0.000553200379,1.70216934,0.000343252978,-2.32839207e-05,-7.87899369e-05
6.11666667,4.96146358,5.00032259,5.00360579,0.000318718412,3.93223721e-05,0.000320690808,0.988748283,-0.00148109092,0.1495081,-0.00468697784,-0.000609815997,-0.00176708797,-0.00182460285,0.000137919982,0.000849711985,1.70299653,3.49300066e-05,-0.000346746361,-0.00012648096
6.13333333,4.96146893,5.00032347,5.00361148,0.000320913476,5.28459584e-05,0.000341389094,0.988750473,-0.0014883848,0.149493087,-0.00470138981,-0.000598018342,-0.00182213546,-0.00184227351,3.50917875e-05,0.000437061157,1.70072222,0.000319286318,-6.96751373e-05,2.21279715e-05
6.15,4.96147429,5.00032447,5.00361691,0.000321471979,5.98020027e-05,0.000325890648,0.988752678,-0.00149526392,0.149477984,-0.0047157096,-0.00055040892,-0.00183278956,-0.00182390314,-0.000696442129,0.000472751242,1.70157054,0.000242512772,-0.000304711247,-2.36784426e-05
6.16666667,4.96147946,5.00032559,5.00362231,0.000310387759,6.73260724e-05,0.000323893598,0.988754943,-0.00150181841,0.149462484,-0.00473001297,-0.000511950506,-0.00188092435,-0.00181616869,0.000142957306,0.000448290211,1.70159837,0.000171029313,-0.000157812428,0.000127500847
6.18333333,4.96148467,5.00032683,5.00362768,0.000312662995,7.44608327e-05,0.000322339442,0.98875724,-0.00150817291,0.149446777,-0.00474411554,-0.000491698902,-0.00190588631,-0.00178877642,0.000679706988,7.20476475e-05,1.70213573,9.99555605e-05,-8.93144047e-05,0.000231592414
6.2,4.96149006,5.00032809,5.00363317,0.000323480868,7.56075067e-05,0.000329337583,0.988759556,-0.00151444167,0.149430953,-0.00475789477,-0.000487254592,-0.00192012056,-0.0017488845,0.000133601512,-0.000420701869,1.70120322,-8.09644321e-05,4.23375725e-05,1.47078911e-05
6.21666667,4.96149549,5.00032924,5.00363853,0.000325607202,6.89118285e-05,0.000321494492,0.988761863,-0.00152081978,0.149415184,-0.00477167067,-0.000500322562,-0.00191350841,-0.00175044562,-0.000227373826,-0.000386232135,1.70161716,0.000176180245,0.000137817444,0.000193496889
6.23333333,4.96150086,5.00033029,5.00364386,0.000321988435,6.27647531e-05,0.000320239446,0.988764143,-0.00152700607,0.149399597,-0.00478515763,-0.00048285171,-0.00189145987,-0.00171270469,-8.62706142e-05,0.000354455341,1.70193337,0.000345461575,2.86527239e-05,-0.000293492707
6.25,4.9615062,5.00033143,5.00364926,0.000320615395,6.84060851e-05,0.000324016946,0.988766417,-0.00153268135,0.149384049,-0.00479896096,-0.000416572312,-0.00188619684,-0.00174107807,-0.000157357014,0.000474248115,1.70135723,0.000107034837,-2.22675431e-06,-7.51455293e-05
6.26666667,4.9615115,5.00033269,5.00365457,0.000318110981,7.59539782e-05,0.000318624945,0.98876869,-0.00153820137,0.1493685,-0.00481284163,-0.00039676186,-0.00188634396,-0.00174747196,0.000598216641,0.000657349379,1.70282286,-8.38151382e-05,-4.31887891e-05,-0.000100128946
6.28333333,4.96151696,5.00033413,5.00366018,0.000327631894,8.64160185e-05,0.000336559142,0.98877097,-0.00154381118,0.149352893,-0.00482687029,-0.000404730045,-0.00189326676,-0.0017666483,-0.000676280272,0.000151396315,1.70162199,0.000151634959,-0.000107258439,-4.50146166e-05
6.3,4.96152224,5.00033561,5.00366577,0.000316868559,8.88255657e-05,0.000335380986,0.988773271,-0.00154921254,0.149337147,-0.00484092818,-0.000379387673,-0.00191008516,-0.00176639224,-0.000717800565,0.00017403925,1.70242361,0.000264509539,-0.000287962467,9.15382437e-05
6.31666667,4.96152733,5.00033714,5.00367156,0.000305444409,9.15954864e-05,0.00034696086,0.98877563,-0.0015542833,0.149321025,-0.00485481421,-0.000343011645,-0.00195559561,-0.00174011444,-0.000403176701,0.000861549617,1.70122561,0.000251742558,-5.34328757e-05,-5.39428911e-05
6.33333333,4.96153232,5.00033889,5.00367721,0.000299027652,0.000105307474,0.000339474117,0.988777999,-0.0015590129,0.149304834,-0.00486872124,-0.00030211354,-0.00196369437,-0.00173649892,4.7518598e-05,0.0011131222,1.70087095,0.000558605395,-9.65550093e-05,-3.42327158e-05
6.35,4.96153731,5.00034094,5.00368265,0.000299783934,0.000123023364,0.000326342644,0.988780388,-0.00156300253,0.14928852,-0.00488256275,-0.000215412976,-0.00197822146,-0.00171547807,-0.0010088975,-0.000147910074,1.70255473,-3.19355392e-05,-0.000256886416,6.50821519e-05
6.36666667,4.96154204,5.00034296,5.00368832,0.000283726832,0.000120669302,0.000340009464,0.988782827,-0.00156704527,0.149271869,-0.00489632576,-0.000222912879,-0.00201919787,-0.00170714907,2.69513335e-05,0.000426913145,1.70106298,7.92951235e-05,-5.07069506e-05,0.000121610938
6.38333333,4.96154678,5.00034508,5.00369382,0.000284155776,0.000127463836,0.00032993431,0.988785277,-0.00157100777,0.149255152,-0.00490991369,-0.000216486959,-0.00202723968,-0.00168494432,2.64959862e-05,0.000190307092,1.70111182,0.000268661435,0.00017995047,0.000210828974
6.4,4.96155152,5.00034726,5.00369916,0.000284577472,0.000130492668,0.000320636535,0.988787693,-0.00157466084,0.149238672,-0.00492317157,-0.000185830334,-0.0019983595,-0.00164021655,-0.000231915466,0.000515277112,1.701366,0.000398987513,-0.000374064352,-7.28051574e-05
6.41666667,4.9615562,5.00034957,5.00370442,0.000280886423,0.000138693558,0.000315384092,0.988790183,-0.00157777382,0.149221704,-0.00493644674,-0.00012113399,-0.00205724901,-0.00163264352,-0.000248081631,-0.000248626951,1.70166662,0.000242837145,-4.61073851e-05,-1.87704567e-05
6.43333333,4.96156082,5.00035181,5.00370967,0.000276938081,0.000134736537,0.000314916105,0.988792681,-0.00158056432,0.149204677,-0.00494969856,-8.32517085e-05,-0.00206421401,-0.00162410419,0.000234435489,-5.13682333e-05,1.70148394,0.000364698675,-1.47445867e-05,-5.32621918e-05
6.45,4.9615655,5.00035404,5.00371486,0.000280669238,0.000133918986,0.000311540751,0.988795183,-0.0015828659,0.149187633,-0.00496294809,-2.52701e-05,-0.00206598076,-0.00161507999,0.000661141573,0.000371999487,1.70200178,0.00031170615,4.69060223e-06,1.31801421e-05
6.46666667,4.96157035,5.00035638,5.00372013,0.000291191633,0.000139839542,0.000316406995,0.988797684,-0.00158476135,0.149170597,-0.00497611864,2.15021843e-05,-0.00206478047,-0.00159843727,0.000285237219,0.000307273246,1.7019815,0.000233645385,-9.7200016e-05,0.000213118488
6.48333333,4.96157528,5.00035879,5.00372548,0.000295731324,0.000144729947,0.000320950585,0.988800205,-0.0015863919,0.149153435,-0.00498896368,4.71853042e-05,-0.00208005779,-0.00155508324,-0.000399786457,0.000468072913,1.70212276,0.000221608195,0.000127370319,-0.000170808327
6.5,4.9615801,5.00036132,5.00373094,0.000289368525,0.000152179559,0.0003277423,0.988802701,-0.00158769888,0.149136442,-0.00500198862,8.86929187e-05,-0.00205933025,-0.0015706211,-0.000363722578,0.000722312599,1.70072487,0.000335472853,-0.000326148441,-9.1381571e-05
6.51666667,4.96158483,5.00036405,5.00373615,0.0002835797,0.000163675521,0.000312285897,0.98880526,-0.00158854567,0.149119023,-0.00501506772,0.000144534627,-0.0021106653,-0.00156885547,0.00030777492,-0.000350608299,1.7022677,0.000482056814,-2.61235506e-05,0.000211782155
6.53333333,4.96158964,5.00036669,5.00374151,0.00028847809,0.000158095417,0.000321384419,0.988807827,-0.00158880198,0.149101573,-0.0050277738,0.000207944262,-0.00211425449,-0.00151402891,-0.00103598713,0.000376647244,1.70093242,0.000383798575,0.000222424099,-0.000240585369
6.55,4.96159417,5.00036942,5.00374666,0.000271989843,0.000164089944,0.000309231304,0.988810348,-0.00158850887,0.149084417,-0.00504071903,0.000277229831,-0.00207810044,-0.00153254605,-2.3914311e-05,0.00092599403,1.7024214,0.000261761818,-0.000299411649,-0.000108176277
6.56666667,4.9615987,5.0003724,5.00375201,0.000271609235,0.000178827597,0.000320776083,0.988812928,-0.00158784907,0.149066871,-0.00505375499,0.000322609883,-0.00212527509,-0.00153679191,-0.00031077592,-4.58837116e-06,1.70186916,5.55137446e-05,-8.90139281e-05,-0.000287524204
6.58333333,4.96160314,5.00037538,5.0037574,0.000266663083,0.00017875457,0.00032353165,0.988815523,-0.00158705903,0.149049208,-0.00506715724,0.000344689869,-0.00213914453,-0.00157793725,-2.37319817e-05,-4.44239714e-05,1.70123862,0.000229713258,-0.00018130439,0.000289091697
6.6,4.96160758,5.00037835,5.00376267,0.000266285376,0.000178047541,0.000316251961,0.988818156,-0.00158602366,0.149031309,-0.00508013533,0.000366364917,-0.00216786324,-0.00152324122,0.000205780527,-0.000103621367,1.70183042,0.000278894308,1.78320927e-05,0.000164397837
6.61666667,4.96161207,5.00038129,5.00376798,0.000269560475,0.000176398356,0.000318391061,0.988820787,-0.00158465514,0.149013435,-0.00509284265,0.000401037359,-0.00216472205,-0.00148515127,-0.000266957975,-0.000385133009,1.7015606,0.000228204005,0.000137149533,0.000214573267
6.63333333,4.96161649,5.00038413,5.00377325,0.000265311707,0.000170268773,0.000316235804,0.988823392,-0.00158303068,0.148995742,-0.00510522317,0.000425448746,-0.00214270547,-0.00144177854,-0.000445611852,6.94691392e-05,1.70215394,-7.39758613e-05,0.000191087902,-0.000213303311
6.65,4.9616208,5.00038698,5.00377864,0.000258219574,0.000171374409,0.000323523867,0.988825957,-0.00158146237,0.148978299,-0.00511789764,0.000423879759,-0.00211225002,-0.00147763983,0.000207294113,0.000237194021,1.70213062,5.67911723e-05,-3.46381963e-06,-4.04692556e-05
6.66666667,4.96162515,5.0003899,5.00378415,0.000261518763,0.000175149469,0.000330440759,0.988828522,-0.00157981157,0.148960852,-0.00513061398,0.000434420061,-0.00211268408,-0.0014811325,-0.000302782406,-0.000160057981,1.70151612,8.6490893e-05,7.99078659e-06,-0.00017773933
6.68333333,4.96162943,5.00039278,5.0037896,0.000256699831,0.000172602067,0.0003275776,0.988831084,-0.00157801227,0.148943416,-0.00514354631,0.000455893423,-0.00211114756,-0.00150410759,-0.000760248353,0.000457070149,1.70129794,0.000396197689,7.50339535e-05,1.76099502e-05
6.7,4.96163351,5.00039578,5.00379496,0.000244600103,0.000179876565,0.000321241934,0.988833632,-0.00157569736,0.148926081,-0.00515637712,0.000515196574,-0.00209860749,-0.00148283525,-0.000584464521,0.000562624785,1.70280636,0.00017255957,-3.93699318e-05,8.88387666e-05
6.71666667,4.96163743,5.00039892,5.00380061,0.000235298061,0.000188831016,0.000338913559,0.988836188,-0.00157317341,0.148908696,-0.00516905741,0.000537343312,-0.00210467164,-0.00146124405,-0.000568361109,0.000180598076,1.70065992,0.000190077321,3.30490494e-05,-0.000169709274
6.73333333,4.9616412,5.00040212,5.00380598,0.000226252313,0.000191705324,0.000322423536,0.988838736,-0.00157036689,0.148891355,-0.00518192266,0.00057414944,-0.00209899134,-0.00147813848,-0.000964414853,0.000100757916,1.70250307,0.00033491676,-0.000265693915,0.000168124757
6.75,4.96164472,5.00040534,5.00381157,0.000210903174,0.000193308936,0.00033526818,0.988841338,-0.00156715251,0.148873668,-0.00519450184,0.000617661363,-0.00214087841,-0.00143693656,-0.000117023385,-0.000114238079,1.70151246,0.0001367414,0.000170385887,0.000356525161
6.76666667,4.9616482,5.00040853,5.00381711,0.000209040689,0.00019149078,0.000332346752,0.988843909,-0.00156383035,0.148856205,-0.00520658607,0.000621461785,-0.00211381246,-0.00137625927,-0.00043813911,0.000322392394,1.70133122,0.000271868771,0.00014371454,-0.000133431445
6.78333333,4.96165157,5.00041181,5.00382255,0.000202067488,0.000196621815,0.000326540726,0.98884645,-0.0015601263,0.148838932,-0.00521879133,0.000668816416,-0.00209041693,-0.00138378025,-0.000297229158,0.000586313719,1.70082778,0.000380441018,-0.00011563712,-5.86196384e-05
6.8,4.96165486,5.00041524,5.00382776,0.000197336939,0.000205953287,0.000312722176,0.988849015,-0.00155591092,0.14882151,-0.00523099861,0.000729624085,-0.00210817996,-0.00137490057,0.000385703982,0.000216716284,1.70193655,0.000256418505,0.00018327936,9.41865379e-06
6.81666667,4.96165825,5.00041873,5.00383304,0.000203475609,0.000209402434,0.000316550251,0.988851543,-0.00155136238,0.14880433,-0.00524314253,0.000767867951,-0.00207861553,-0.00136141151,0.000329524804,0.00059531135,1.7024361,0.000115077481,0.000175018438,1.27300171e-05
6.83333333,4.96166173,5.00042238,5.00383851,0.000208720159,0.000218877109,0.000328328949,0.988854036,-0.00154666664,0.148787381,-0.00525524669,0.000784473085,-0.00205059007,-0.00135404292,-0.000305722502,-3.94643828e-05,1.70157803,-9.9549809e-06,-0.000123612081,0.000110243329
6.85,4.96166513,5.00042602,5.00384395,0.000203854434,0.000218249013,0.000326450997,0.988856555,-0.00154200485,0.148770269,-0.00526720848,0.000778009767,-0.00207035921,-0.00133776974,-0.000867950734,0.000225545484,1.70086245,0.000459148991,-0.0001531141,-7.23741586e-05
6.86666667,4.96166829,5.00042971,5.00384917,0.000190040569,0.000221838681,0.000313184336,0.988859103,-0.00153672553,0.148752959,-0.00527917491,0.000851500763,-0.00209394572,-0.00132731272,-0.000237988543,-7.06103537e-05,1.70241552,0.000295199874,0.000119550292,-0.000114304879
6.88333333,4.9616714,5.00043339,5.00385458,0.000186252864,0.000220714883,0.000324635455,0.988861627,-0.00153103734,0.148735809,-0.00529123276,0.000901545793,-0.00207436694,-0.00133084916,2.08044458e-05,-0.000177348499,1.70166466,0.000174826129,7.01468709e-05,-0.000154801919
6.9,4.96167451,5.00043702,5.00385998,0.000186583977,0.000217892294,0.000324136302,0.988864136,-0.00152508981,0.148718752,-0.005303459,0.000935262603,-0.00206281151,-0.00134619499,-0.000466046499,0.000342159803,1.70146597,8.60777925e-05,8.65155024e-05,-9.7308848e-05
6.91666667,4.96167749,5.00044075,5.00386532,0.000179166616,0.000223337936,0.000320474856,0.988866628,-0.00151901081,0.148701809,-0.00531579571,0.00095275979,-0.00204883436,-0.00135694757,-0.00037443018,-0.00056863456,1.7028461,0.000350286449,0.000144046665,-4.4541711e-05
6.93333333,4.96168038,5.00044432,5.00387097,0.000173207375,0.000214287836,0.000338779006,0.98886909,-0.00151246463,0.148685057,-0.00532812146,0.00100787429,-0.00202531659,-0.00134729393,-0.000917751709,-5.65244246e-05,1.70129809,0.000269976712,0.00011338118,0.000123778298
6.95,4.96168302,5.00044787,5.00387651,0.000158600903,0.000213388222,0.00033244573,0.988871531,-0.00150558957,0.148668456,-0.0053402314,0.00104294925,-0.00200692921,-0.00131580382,-0.000556320079,-6.71758556e-05,1.70213775,0.000120731577,0.000107578952,2.1979795e-05
6.96666667,4.96168552,5.00045141,5.00388217,0.000149746794,0.000212319085,0.000339476027,0.988873951,-0.00149856126,0.148651997,-0.0053522885,0.00106009678,-0.00198963017,-0.00130678642,-8.59705191e-05,0.000196876762,1.70201815,0.000104921481,-0.000369318636,-0.000100833738
6.98333333,4.96168799,5.000455,5.00388791,0.000148378531,0.000215452476,0.00034460293,0.988876443,-0.00149137285,0.148635054,-0.00536445788,0.00108142284,-0.002048163,-0.00131729632,6.9009767e-05,4.88182103e-05,1.70104312,0.000284169887,-2.78552052e-05,0.000307382807
7,4.96169048,5.00045861,5.00389348,0.000149476855,0.000216229442,0.000334211649,0.988878942,-0.00148387213,0.148618076,-0.00537616816,0.00111031758,-0.00205235854,-0.00125724681,0.000236047194,-0.00048244264,1.70117157,-6.85110025e-05,9.77176214e-05,0.000244345332
7.01666667,4.96169304,5.00046208,5.00389891,0.000153233663,0.000208551129,0.000325864817,0.988881424,-0.00147651013,0.148601225,-0.00538757127,0.00108829382,-0.00203709467,-0.00122326048,-0.000507256304,-0.000369687306,1.70048022,0.000394994918,0.000183808363,-0.000281340989
7.03333333,4.96169546,5.00046546,5.00390402,0.000145160428,0.000202667372,0.00030651467,0.988883867,-0.00146857593,0.148584618,-0.00539926516,0.00116121369,-0.00200699777,-0.00124754394,-6.69291394e-05,-0.000183530657,1.70218903,0.000266076872,9.32819973e-05,0.000220594686
7.05,4.96169786,5.00046879,5.00390926,0.000144095218,0.000199746391,0.000314361158,0.988886294,-0.00146033691,0.148568136,-0.00541061712,0.00119120711,-0.00199187699,-0.00120152114,-0.000117228724,0.000473476923,1.70161273,0.000197344976,0.000368329061,2.38790152e-05
7.06666667,4.96170023,5.00047225,5.00391448,0.000142229465,0.000207282011,0.000313035574,0.988888648,-0.0014518464,0.148552137,-0.00542189815,0.00121945779,-0.00193295389,-0.00118858403,-0.000329963429,-0.000352882712,1.70106968,-1.1791612e-05,-5.26238559e-05,0.000114372201
7.08333333,4.96170251,5.00047561,5.00391953,0.000136977934,0.000201665708,0.000303067132,0.988891013,-0.00144339351,0.148536069,-0.0054330316,0.00121240968,-0.00194142962,-0.00117174657,-0.000965034994,0.000226945154,1.70172742,0.000105511079,9.11344345e-05,-6.51891437e-05
7.1,4.96170454,5.00047903,5.00392459,0.000121618925,0.000205277652,0.000303566868,0.988893359,-0.00143479005,0.148520122,-0.00544422959,0.00123134601,-0.00192670643,-0.00117671243,-0.000599103631,0.000372026359,1.70174551,0.000115715792,-0.0001180704,-6.29297573e-05
7.11666667,4.96170641,5.00048255,5.00392966,0.000112083894,0.000211198635,0.00030435444,0.988895728,-0.00142602158,0.148504021,-0.00545548754,0.00125210135,-0.00194526166,-0.00118089901,-0.000567355241,0.000433545778,1.70190597,0.000252201223,0.00022057308,-0.000114188828
7.13333333,4.96170812,5.00048618,5.00393479,0.000103054155,0.000218098731,0.000307695821,0.988898052,-0.00141690143,0.14848821,-0.00546684517,0.00129541149,-0.0019096618,-0.00118643907,-4.94566002e-05,0.000932437939,1.7014402,0.000141081098,0.000141936789,-0.000123488526
7.15,4.96170983,5.00049006,5.00393985,0.000102267029,0.000232938941,0.000303624262,0.988900348,-0.00140757295,0.148472588,-0.0054783367,0.00132239161,-0.00188675298,-0.00119860493,-4.28045034e-05,0.000581703451,1.70192861,0.000204875984,-3.09825916e-05,-8.81725463e-05
7.16666667,4.96171152,5.0004941,5.00394497,0.000101585774,0.000242197039,0.000307325998,0.988902648,-0.00139795818,0.148456926,-0.00548990359,0.00135773517,-0.00189128213,-0.00120244946,-0.000279352878,0.000630266559,1.70202094,0.000272926938,0.000152641819,7.15356916e-05
7.18333333,4.96171314,5.00049831,5.00395018,9.71397349e-05,0.000252228043,0.000312497267,0.98890492,-0.00138800063,0.148441466,-0.00550132264,0.00139563893,-0.00186658642,-0.00117878373,-0.000138918166,0.000525898421,1.70204059,0.000243977943,9.12399803e-05,5.53931334e-05
7.2,4.96171472,5.00050265,5.00395548,9.49287836e-05,0.000260597977,0.000317981226,0.988907173,-0.00137773467,0.148426127,-0.00551262082,0.00143000347,-0.00185169816,-0.00115893931,-5.85134633e-05,0.000419378456,1.70193333,0.000276795584,0.000166985806,0.0001100433
7.21666667,4.96171629,5.0005071,5.00396084,9.3997513e-05,0.000267272592,0.000321758142,0.988909395,-0.00136712854,0.148411009,-0.00552371988,0.00146667142,-0.00182473735,-0.00112923524,-0.000614081576,0.000473515262,1.70161084,0.000488433662,7.90621495e-05,-1.28619569e-05
7.23333333,4.96171769,5.00051168,5.00396618,8.42241011e-05,0.000274808822,0.00032040247,0.988911602,-0.00135587985,0.148395999,-0.00553473952,0.00154143714,-0.00181132842,-0.00110835949,-0.000554816884,-0.000413795551,1.70194474,0.000167824749,4.2189029e-05,-1.17584926e-05
7.25,4.96171895,5.00051615,5.00397159,7.53939162e-05,0.000268223061,0.000324361003,0.9889138,-0.00134440903,0.148381045,-0.00554574147,0.00156744228,-0.00180432453,-0.00110230166,-0.00023984838,-0.000454227581,1.70179112,-0.000259118444,-6.97869099e-06,4.99545412e-05
7.26666667,4.96172014,5.0005205,5.00397702,7.15766106e-05,0.000260993804,0.000325874578,0.988915998,-0.00133328784,0.148366079,-0.00555672891,0.00152570029,-0.00180590527,-0.00110680579,-0.000773716891,-0.000595968895,1.70068704,0.000207391987,0.000367638833,-9.40393823e-05
7.28333333,4.96172113,5.0005247,5.00398219,5.92625239e-05,0.000251508665,0.00030981608,0.988918124,-0.00132187885,0.148351598,-0.00556779823,0.00156097804,-0.0017469837,-0.00111136953,3.50201074e-05,0.000443124991,1.7013801,0.000115243107,0.00016092196,-4.32574343e-05
7.3,4.96172213,5.000529,5.00398727,5.98198862e-05,0.000258561218,0.000304788114,0.988920217,-0.00131031138,0.148337328,-0.00557890132,0.00158023896,-0.0017211497,-0.00111254451,-0.000214190514,0.000459777393,1.70199975,0.000215921892,-0.000101472972,-0.000101085157
7.31666667,4.96172307,5.00053344,5.00399243,5.64109383e-05,0.000265878803,0.000309622186,0.98892233,-0.00129844007,0.148322927,-0.00559009469,0.00161799384,-0.00173686441,-0.00111785699,-9.82212522e-05,0.000823844996,1.70215073,0.000259396137,0.000125875116,-5.3367775e-05
7.33333333,4.96172398,5.00053809,5.00399771,5.48476985e-05,0.000278990703,0.000316859043,0.988924417,-0.00128621897,0.148308693,-0.00560130681,0.00165972135,-0.00171635563,-0.00111384705,-6.52753672e-05,0.000175541942,1.70186748,0.00051957306,0.000178001441,-9.51513542e-05
7.35,4.96172488,5.00054278,5.00400303,5.38088088e-05,0.00028178454,0.000319587956,0.988926469,-0.00127329901,0.148294697,-0.00561254122,0.00174288834,-0.00168707944,-0.00110404202,1.05345082e-05,0.000944209656,1.70208265,0.000221433345,0.000158039283,0.000245561169
7.36666667,4.96172578,5.00054773,5.00400846,5.39764707e-05,0.000296812103,0.000325741304,0.988928492,-0.00126013808,0.148280909,-0.00562340973,0.0017648271,-0.00166171395,-0.00105632011,0.000119453516,-0.000461330115,1.70117213,-8.45943564e-05,8.90808928e-05,0.000212125574
7.38333333,4.96172671,5.00055255,5.00401375,5.58776324e-05,0.000289469806,0.00031740338,0.988930498,-0.00124713049,0.148267236,-0.0056340165,0.00174189256,-0.00164782239,-0.00102798109,-0.00070492386,-4.06286089e-05,1.70148758,9.74743073e-05,0.000503076567,-0.000226640783
7.4,4.96172745,5.00055737,5.00401899,4.46584207e-05,0.000288823182,0.000314085953,0.988932403,-0.00123395424,0.148254225,-0.00564490054,0.00176637859,-0.00156744423,-0.00105785275,-0.000221132354,0.00027351638,1.70210043,0.000370452587,-4.93699114e-05,-6.29281856e-06
7.41666667,4.96172814,5.00056225,5.00402433,4.113899e-05,0.00029317633,0.000320522281,0.988934318,-0.0012202905,0.148241152,-0.00565572006,0.00182312668,-0.00157466035,-0.00104152699,0.00044874482,2.81421442e-05,1.70180731,7.4723975e-05,0.000383996948,-2.43269494e-05
7.43333333,4.96172894,5.00056715,5.0040297,4.82809856e-05,0.000293624226,0.000322293429,0.988936157,-0.00120652684,0.148228582,-0.00566655617,0.00183492531,-0.00151340486,-0.00104169642,-0.000397986434,0.000148095775,1.70135067,4.36307804e-06,-0.000139660676,9.2315239e-06
7.45,4.96172964,5.00057208,5.00403498,4.19468348e-05,0.000295981244,0.00031679698,0.988938023,-0.00119275822,0.14821583,-0.00567737954,0.0018354155,-0.00153562949,-0.00104010385,-0.000243884121,0.000313255351,1.7021606,0.000165276186,8.72585884e-05,0.000152998949
7.46666667,4.96173028,5.0005771,5.00404038,3.80652985e-05,0.000300966858,0.000324190975,0.988939872,-0.00117880356,0.148203193,-0.00568796961,0.00185326366,-0.00152155514,-0.00100910226,-0.00107264154,0.000117240033,1.70134328,0.000423045311,0.000172452241,-3.24172006e-05
7.48333333,4.96173063,5.00058214,5.00404569,2.09936781e-05,0.000302832791,0.000318576882,0.988941688,-0.00116428895,0.148190785,-0.00569851876,0.00191882529,-0.0014933557,-0.0009942801,-0.000182320663,-0.00113324321,1.70142211,0.000140290134,5.99607551e-05,-0.000170601485
7.5,4.96173093,5.00058689,5.00405093,1.80919546e-05,0.000284796665,0.000314217465,0.988943491,-0.00114955725,0.148178457,-0.00570926402,0.00194801821,-0.00148346096,-0.00101368901,9.77878532e-05,0.000512924175,1.70156086,7.59400459e-05,0.000439637364,0.000112330786
7.51666667,4.96173126,5.00059177,5.00405613,1.96482966e-05,0.000292960107,0.000312066247,0.988945207,-0.00113475136,0.148166706,-0.00571984634,0.00195351949,-0.00141343378,-0.000993013045,-0.00034644229,0.000660085477,1.70196201,0.000111126903,0.000254509028,7.64898028e-05
7.53333333,4.96173149,5.00059683,5.0040614,1.41344964e-05,0.000303465693,0.000316299524,0.988946874,-0.00111981666,0.14815529,-0.0057303061,0.00196638885,-0.00137278398,-0.000976168238,-0.000263130676,0.000203164898,1.70060376,0.000328293247,0.000289949706,-3.55048762e-05
7.55,4.96173166,5.00060194,5.00406638,9.94664158e-06,0.000306699163,0.000298915606,0.988948484,-0.0011044466,0.148144256,-0.0057407475,0.00201745863,-0.00132604323,-0.000966235454,-0.000455321118,0.00091164466,1.70183641,6.60779184e-05,0.000126661572,-4.49715519e-05
7.56666667,4.9617317,5.0006073,5.0040714,2.69998092e-06,0.000321208438,0.000301149896,0.988950068,-0.00108898199,0.148133389,-0.00575123471,0.0020293746,-0.00130574201,-0.000969987316,-0.000161329862,0.000570804678,1.70185591,6.25746609e-05,0.000252760979,-6.79911014e-05
7.58333333,4.9617317,5.0006128,5.00407647,1.32336413e-07,0.000330293077,0.000303694688,0.988951601,-0.00107342387,0.148122854,-0.00576179844,0.00204159573,-0.00126536479,-0.000977397339,-0.000166718519,-2.29367455e-05,1.70194173,0.000251892827,-7.09772663e-05,-1.65121581e-06
7.6,4.96173166,5.0006183,5.00408159,-2.52107122e-06,0.000329928027,0.000307605333,0.988953148,-0.0010575345,0.148112228,-0.00577231495,0.00208013319,-0.00127621526,-0.00096590754,0.000172497822,0.000355781665,1.702327,-4.65277464e-05,0.000227838453,-2.61092547e-05
7.61666667,4.96173167,5.00062389,5.00408689,2.24316887e-07,0.000335590469,0.000317647623,0.98895465,-0.00104170277,0.1481019,-0.00578287452,0.00207384539,-0.00124002257,-0.000972036223,-0.000940049219,-0.000135380739,1.70168996,0.000284771635,0.000146938801,-1.2470783e-05
7.63333333,4.96173142,5.00062945,5.00409218,-1.47370311e-05,0.000333435817,0.000317551213,0.988956123,-0.0010254962,0.148091768,-0.00579339431,0.00211748361,-0.00121612624,-0.000960648755,-6.07153665e-05,0.000293055851,1.70185052,0.000234321917,0.000188076612,-4.81812506e-05
7.65,4.96173116,5.00063509,5.00409751,-1.57033462e-05,0.000338099946,0.000320010163,0.988957558,-0.00100897426,0.148081883,-0.00580393101,0.00215503277,-0.00118575027,-0.000957047149,-7.224464e-05,-0.000242478785,1.70162087,8.66087349e-05,0.000142547378,0.000115874473
7.66666667,4.96173088,5.00064066,5.00410283,-1.68531553e-05,0.000334240776,0.000318814083,0.988958966,-0.000992362577,0.148072186,-0.00581429852,0.00216254298,-0.0011629791,-0.000935370249,0.000298519428,0.000355692269,1.70176332,5.38236519e-05,0.000266832308,0.000180160765
7.68333333,4.96173068,5.00064632,5.00410816,-1.21020711e-05,0.000339901794,0.00031988514,0.988960323,-0.000975717734,0.148062839,-0.0058244188,0.00216183479,-0.00112052404,-0.000905434999,-0.000933059566,-0.000533251428,1.70124401,-6.78625475e-05,0.00015280722,-0.000252026731
7.7,4.96173023,5.00065184,5.00411337,-2.69521753e-05,0.000331414834,0.000312691214,0.988961647,-0.000959113592,0.148053693,-0.00583488278,0.00216296762,-0.00109618042,-0.000946945712,-0.000954840194,1.23896901e-05,1.70153042,0.00018009289,0.000126136096,-0.000138702856
7.71666667,4.96172952,5.00065737,5.00411854,-4.2148929e-05,0.000331612022,0.0003100556,0.988962944,-0.00094224697,0.148044713,-0.00584549316,0.00219659863,-0.00107570397,-0.000959655879,9.21849959e-05,-8.68070259e-05,1.70265093,0.000264313378,0.000277602239,0.000260291711
7.73333333,4.96172885,5.00066288,5.00412396,-4.06817592e-05,0.000330230446,0.000325253419,0.98896419,-0.000925086921,0.148036099,-0.00585570987,0.00222416524,-0.00103119957,-0.000907720766,8.3589788e-06,-0.000209863279,1.70140099,7.07049783e-05,0.000247366624,1.42192327e-06
7.75,4.96172817,5.00066832,5.0041293,-4.05487219e-05,0.000326890368,0.000320557818,0.988965386,-0.000907836331,0.14802781,-0.00586591054,0.00223439127,-0.000991706267,-0.00090420553,-0.00025822264,0.00030162029,1.70192293,-3.93698267e-05,0.000114818878,8.95669829e-05
7.76666667,4.96172743,5.00067385,5.0041347,-4.46584629e-05,0.000331690804,0.000324169158,0.98896656,-0.000890655858,0.148019671,-0.00587600131,0.0022240099,-0.00097355493,-0.000892408819,-0.000886766992,-0.000674626278,1.70071681,0.000417772933,0.000257173912,-5.99243705e-05
7.78333333,4.96172645,5.0006792,5.00413985,-5.87717979e-05,0.000320953793,0.000308584553,0.988967683,-0.00087291765,0.148011873,-0.00588608836,0.00228988799,-0.000931838686,-0.000882059881,0.000238371244,-0.000424602857,1.70189272,-2.08388227e-05,0.000245243872,5.72663656e-05
7.8,4.96172553,5.00068444,5.00414504,-5.49780017e-05,0.000314196029,0.000311715054,0.988968758,-0.000855219931,0.148004396,-0.0058961041,0.00228358427,-0.000892879048,-0.000874316624,-0.000198410621,8.88216461e-05,1.7022903,-0.00027105716,0.000240454331,-9.1214661e-05
7.81666667,4.96172456,5.0006897,5.00415039,-5.81358048e-05,0.000315609669,0.000321173316,0.988969784,-0.000837861722,0.147997232,-0.00590629242,0.00224613087,-0.00085505456,-0.000900829326,-0.000183791083,6.70238507e-05,1.70181472,9.9176159e-07,-2.80094083e-05,0.00025991065
7.83333333,4.96172354,5.00069498,5.00415578,-6.10609307e-05,0.000316676387,0.000323062403,0.988970817,-0.00082055301,0.147990031,-0.00591613965,0.00223422631,-0.000859651144,-0.000861228803,0.000438621698,-0.00104659018,1.70233068,0.000482289735,-0.000196861773,-1.59558532e-05
7.85,4.96172264,5.00069998,5.00416133,-5.40800496e-05,0.000300019387,0.000333163345,0.988971889,-0.000802607019,0.147982576,-0.00592591337,0.00230873509,-0.000890092293,-0.000841183762,0.000311588003,-0.00123120227,1.70022959,0.000143066737,0.000196673306,-0.000302381548
7.86666667,4.96172182,5.00070465,5.00416649,-4.91209725e-05,0.000280424194,0.000309824303,0.988972919,-0.000784415569,0.14797538,-0.00593605541,0.00234421762,-0.000858370718,-0.00088054168,5.68370063e-05,9.6579746e-05,1.70211658,5.13702002e-06,0.000350656571,0.000313381063
7.88333333,4.96172102,5.00070935,5.00417177,-4.82163835e-05,0.000281961309,0.000316517647,0.988973883,-0.000766281646,0.147968644,-0.00594578503,0.00232973348,-0.00080272159,-0.000832621995,-0.000468210458,-4.79811287e-05,1.70100324,-8.44601432e-05,0.000381354083,-0.00033850542
7.9,4.96172009,5.00071404,5.00417686,-5.56681843e-05,0.000281197665,0.000305491764,0.988974768,-0.000748195082,0.147962407,-0.00595597483,0.00233192053,-0.000742010151,-0.000888086721,-0.000625222775,0.000219580022,1.70198372,0.000108597681,0.000262539748,2.47961489e-05
7.91666667,4.961719,5.00071878,5.00418203,-6.56189139e-05,0.00028469239,0.00031007066,0.988975602,-0.000729973013,0.147956516,-0.00596611054,0.00234678994,-0.000700041671,-0.000879266418,-0.000118867011,0.000653652387,1.70212654,4.68685424e-05,0.000259357855,3.62577658e-05
7.93333333,4.96171787,5.0007237,5.00418731,-6.75107411e-05,0.000295095591,0.000316922639,0.988976385,-0.000711698635,0.147950965,-0.00597618924,0.00235173743,-0.000658698675,-0.000871578694,-0.000963722396,0.00042452623,1.70135306,0.0001893679,0.00016799639,3.72333585e-05
7.95,4.96171649,5.00072873,5.0041925,-8.28488594e-05,0.000301852135,0.000311464202,0.988977135,-0.000693184507,0.147945636,-0.00598618178,0.00237849889,-0.000631632064,-0.000857101812,-0.000687496033,0.000673577652,1.70228886,-5.7308858e-05,0.000388258878,-6.98660249e-06
7.96666667,4.96171493,5.00073394,5.00419785,-9.37906986e-05,0.000312572457,0.000320899488,0.988977808,-0.000674747259,0.147940815,-0.00599619437,0.00236935888,-0.000569945864,-0.000860858962,-0.000417016729,-0.000522996415,1.70137111,0.000298398096,0.000252258115,-7.14276651e-06
7.98333333,4.96171326,5.00073901,5.00420311,-0.000100427726,0.00030424871,0.00031572833,0.988978432,-0.000655919216,0.147936328,-0.00600615756,0.00241461662,-0.000529243349,-0.00084806628,-0.000452772892,3.447234e-05,1.70168873,-0.000142975412,0.00042821112,4.42484949e-05
8,4.96171146,5.00074409,5.00420837,-0.00010763383,0.000304797355,0.00031561225,0.988978971,-0.000637290802,0.147932401,-0.00601609038,0.00238997553,-0.000461383974,-0.000848023486,-0.000385398054,-7.23484161e-05,1.7015779,0.000186186398,0.000209336698,-9.99513776e-05
8.01666667,4.96170957,5.00074915,5.0042136,-0.000113767631,0.000303645894,0.000313732282,0.988979468,-0.000618400232,0.147928751,-0.00602611759,0.00242256073,-0.000427674049,-0.00085458147,-0.000422795394,0.000644456323,1.70237701,-4.37505457e-05,0.000265809392,7.9933655e-05
8.03333333,4.96170756,5.00075438,5.00421901,-0.000120496629,0.000313902735,0.000324570525,0.988979913,-0.000599584855,0.147925448,-0.00603604832,0.0024116686,-0.00038549224,-0.000844477542,-0.000896944246,-0.000147396953,1.70064389,0.000402371306,0.000336981481,6.94231639e-05
8.05,4.96170531,5.00075957,5.00422414,-0.00013477194,0.000311556839,0.000307825309,0.988980292,-0.000580258016,0.147922591,-0.00604580877,0.00246901811,-0.000331143542,-0.000815206444,-0.000585088129,-0.000576866244,1.70172868,3.83817581e-05,0.000245738765,1.97027906e-05
8.06666667,4.96170291,5.00076461,5.00422928,-0.000144083906,0.000302375728,0.000308345044,0.988980623,-0.000560886667,0.147920056,-0.00605553566,0.0024734671,-0.000291973095,-0.000810445603,-0.000403991284,-0.000802172981,1.70204448,-3.18647819e-05,1.31897228e-06,-1.78716665e-05
8.08333333,4.9617004,5.00076944,5.00423451,-0.000150513627,0.000289608748,0.000313890946,0.988980953,-0.00054155362,0.147917522,-0.00606529224,0.0024694476,-0.000291814841,-0.000814649474,-0.000211072543,-0.000397775151,1.70167677,-0.000207953068,0.000224315937,-6.09955425e-05
8.1,4.96169784,5.00077416,5.00423974,-0.000153872951,0.00028327796,0.000313584597,0.988981238,-0.000522483177,0.147915282,-0.00607516946,0.00244020772,-0.000256480438,-0.000833641734,-0.000301296589,2.47128891e-05,1.70087424,-2.52724308e-05,0.000384036063,-3.71428822e-06
8.11666667,4.96169519,5.00077889,5.00424475,-0.000158668235,0.000283671278,0.000300505603,0.988981447,-0.000503448249,0.147913544,-0.00608505624,0.00243579083,-0.000195409783,-0.000835430509,-0.000235671254,0.000291589545,1.70161279,0.000298896631,3.72872583e-05,-7.50215742e-05
8.13333333,4.96169249,5.0007837,5.00424973,-0.00016241906,0.00028831207,0.00029918095,0.988981648,-0.000484006848,0.147911858,-0.00609498276,0.00248469752,-0.000188876911,-0.000832934888,2.40729805e-05,9.05017385e-06,1.70193076,-3.5884628e-05,0.000300194726,0.000164906465
8.15,4.96168979,5.0007885,5.00425478,-0.000162035927,0.000288456108,0.000302916864,0.98898179,-0.000464647293,0.147910565,-0.00610469982,0.00247097541,-0.000141243492,-0.000809548959,-0.000462526119,-8.88786077e-05,1.70195852,-5.29153269e-05,0.000223167986,7.89500858e-05
8.16666667,4.96168696,5.00079329,5.0042599,-0.000169397258,0.000287041561,0.000307094678,0.988981889,-0.000445374441,0.147909564,-0.00611432356,0.00245881298,-0.00010586264,-0.000800028888,-0.000325320681,-0.000753197274,1.70163285,-2.35164203e-05,0.000340161442,-0.000213887195
8.18333333,4.96168405,5.00079787,5.004265,-0.000174574898,0.000275054054,0.000306089327,0.988981919,-0.000426093234,0.14790901,-0.00612423226,0.00246453129,-5.16815466e-05,-0.000833725853,-0.000602742944,0.000179591172,1.70225506,-1.17920834e-05,0.000282701591,-0.000100907553
8.2,4.96168098,5.0008025,5.00427025,-0.00018416785,0.000277912336,0.000314986655,0.988981893,-0.000406809996,0.147908826,-0.00613427548,0.00246688447,-6.67144976e-06,-0.000849675761,-0.000614838111,1.36967664e-05,1.7022602,-4.12759455e-05,0.000164410817,0.000126650457
8.21666667,4.96167775,5.00080714,5.00427565,-0.000193953302,0.000278130327,0.000323965861,0.988981835,-0.000387607081,0.147908857,-0.00614416057,0.00245438548,1.93616526e-05,-0.000832349029,-0.000758034755,-0.000423993041,1.70067952,5.05812795e-05,0.000476810457,4.06068291e-05
8.23333333,4.96167432,5.00081166,5.00428078,-0.0002060178,0.000271382268,0.000307787749,0.988981683,-0.000368349671,0.147909514,-0.00615398223,0.00245926124,9.53228513e-05,-0.000823893565,-0.000939032234,0.000310745394,1.70155052,-0.000148208419,0.000247141114,-5.48982758e-05
8.25,4.96167063,5.00081627,5.00428587,-0.000220962962,0.000276327935,0.000305472006,0.988981481,-0.00034927791,0.147910494,-0.00616390485,0.00243878009,0.000134391311,-0.000839192578,-0.000376827162,-0.000158693995,1.70201486,0.000114307016,-7.22196956e-06,-0.000141301598
8.26666667,4.96166685,5.00082083,5.00429105,-0.000226960353,0.000273802241,0.000310546545,0.98898128,-0.000330028436,0.147911465,-0.00617399038,0.00246276863,0.000133518452,-0.000855373607,-0.000686069523,-0.000430706983,1.70239235,5.24127246e-05,0.000287479438,5.72969844e-05
8.28333333,4.96166289,5.00082528,5.00429641,-0.000237879488,0.000266947327,0.000321629031,0.988981022,-0.000310723808,0.147912814,-0.00618399035,0.00246751365,0.000179347174,-0.000844266698,5.19189295e-05,2.22311388e-05,1.70214406,-0.00014025803,1.90710091e-05,4.43883522e-05
8.3,4.96165894,5.00082973,5.00430189,-0.000237053173,0.000267301146,0.000328759838,0.98898076,-0.000291612017,0.147914187,-0.00619395961,0.00244406512,0.000182093928,-0.000844045848,-0.000149742343,-0.000396610621,1.70073037,0.000384178154,0.00033885264,-5.30536073e-05
8.31666667,4.96165495,5.00083408,5.00430711,-0.000239436396,0.000260988892,0.000313391082,0.988980431,-0.000271988684,0.147916007,-0.00620392295,0.00250433377,0.000236784019,-0.000834298837,-7.53026704e-06,0.00046821613,1.70183112,-0.000193189904,0.000363616874,0.000242776547
8.33333333,4.96165095,5.00083856,5.00431237,-0.000239556244,0.000268440783,0.000315541317,0.988980032,-0.000252669374,0.147918302,-0.00621360561,0.00246291505,0.000294184449,-0.000806421469,-0.000158461829,-0.000405221697,1.70168478,-0.000350301279,0.000263054387,-0.000253717879
8.35,4.96164692,5.00084293,5.00431763,-0.000242078243,0.00026199148,0.000315362467,0.988979578,-0.000233761938,0.14792094,-0.0062236897,0.00242090344,0.000335460984,-0.000861402872,-0.000892202613,-0.000381938779,1.70203013,7.90086229e-06,0.00020400214,-0.000238705123
8.36666667,4.96164265,5.00084719,5.00432297,-0.000256278088,0.000255912735,0.000320680013,0.988979083,-0.000214798991,0.147923845,-0.00623408528,0.00243281923,0.000368029323,-0.000897408287,-0.000420699696,-0.000785106493,1.7019461,-0.000178376468,0.000429265289,-9.0080307e-05
8.38333333,4.96163826,5.00085125,5.00432838,-0.000262973732,0.000243417377,0.000324660209,0.988978502,-0.000196055893,0.147927311,-0.00624463388,0.00240902228,0.000436027972,-0.000919521051,-0.000190214595,0.000279834765,1.70201343,0.000258925584,0.000217204087,9.34030856e-05
8.4,4.96163383,5.00085538,5.00433388,-0.000266001091,0.000247871086,0.000329711884,0.988977878,-0.000176993293,0.147931065,-0.00625500911,0.0024436463,0.00047106776,-0.000893298857,-0.000330694367,-0.0012045382,1.70114033,-4.47259288e-05,0.000545828792,7.24338257e-05
8.41666667,4.96162931,5.00085919,5.00433922,-0.000271264255,0.000228700265,0.000320867808,0.988977148,-0.000158008098,0.147935534,-0.00626529797,0.00243238758,0.00055781924,-0.00088448842,-0.00031411252,-0.000276958966,1.70185805,0.000195740072,0.000140807901,-0.000115458562
8.43333333,4.9616247,5.00086293,5.00434462,-0.000276263511,0.000224292326,0.000323446527,0.988976388,-0.000138744673,0.14794019,-0.00627569984,0.00246727271,0.000580652166,-0.00089297872,-0.000188892683,0.000323660055,1.70176655,-6.68809927e-05,0.000234305498,0.000316885931
8.45,4.96162005,5.00086675,5.00435003,-0.000279269832,0.000229443536,0.000324569071,0.988975585,-0.000119633101,0.147945152,-0.00628569914,0.00244187279,0.000617700923,-0.000847926177,0.000170670355,-0.000215680236,1.70131845,-0.000157031868,7.41959352e-05,0.000164738646
8.46666667,4.96161544,5.00087052,5.00435533,-0.000276553529,0.000226010879,0.000318559789,0.988974768,-0.000100760446,0.14795021,-0.00629551315,0.00241015681,0.000629143831,-0.000830187645,0.000653404759,-0.000993996966,1.70175639,-0.000199541449,0.000117972252,-0.000374523635
8.48333333,4.96161101,5.00087402,5.00436066,-0.000266154269,0.000210190926,0.000319520606,0.988973924,-8.20770168e-05,0.147955421,-0.00630585755,0.00239700057,0.000647646617,-0.000896510289,0.000157061799,-0.000241449737,1.70232196,-6.36583943e-06,0.000450130671,-0.0002514832
8.5,4.96160661,5.00087746,5.00436615,-0.000263654553,0.000206348134,0.000329482749,0.98897299,-6.33563533e-05,0.147961222,-0.00631653301,0.0024068497,0.000719350011,-0.00093520128,0.000251506737,0.000265788136,1.70124588,9.83473585e-07,0.000197587412,0.000323709046
8.51666667,4.96160228,5.00088097,5.00437152,-0.000259651699,0.000210578283,0.000322318552,0.988972018,-4.46995797e-05,0.147967282,-0.00632678366,0.00239152814,0.00075069371,-0.000885946219,0.000130322023,-0.000366767122,1.70181698,-0.000279387762,6.20418783e-05,0.000171005881
8.53333333,4.96159799,5.00088438,5.00437693,-0.000257577559,0.000204741003,0.000324243634,0.988971036,-2.64433493e-05,0.147973422,-0.00633686482,0.00234092372,0.000759957967,-0.00087295309,-0.000578833133,-4.19903141e-06,1.70207397,-6.63616493e-05,0.00014173368,3.41548417e-06
8.55,4.96159354,5.00088779,5.00438243,-0.000266789975,0.000204674173,0.000330258871,0.988970025,-8.27602451e-06,0.147979746,-0.00634695453,0.0023303833,0.000782380425,-0.000875565685,-0.000159206041,8.03108013e-05,1.70189649,5.00872033e-05,5.95035487e-05,-1.9474188e-05
8.56666667,4.96158906,5.00089123,5.00438799,-0.000269323818,0.00020595236,0.00033344943,0.988969002,9.96031894e-06,0.147986149,-0.00635705994,0.00233879342,0.000791955875,-0.000876213734,0.000370193098,-0.000106699182,1.70134312,-2.63971075e-05,0.000113056477,-4.63574377e-05
8.58333333,4.96158466,5.00089463,5.00439345,-0.000263432012,0.000204254189,0.000327832804,0.988967956,2.81701838e-05,0.1479927,-0.00636723134,0.00233670995,0.000809908816,-0.000884532534,0.000585925856,-0.000463336389,1.70119135,-8.90292037e-05,4.46800361e-06,-7.0950509e-05
8.6,4.96158043,5.00089791,5.00439878,-0.000254106712,0.000196879962,0.000319800702,0.988966908,4.62771612e-05,0.147999257,-0.00637751327,0.00232645882,0.000810461947,-0.000899479075,-0.000133681218,-0.000256198972,1.70229883,-9.9909737e-05,0.000114570544,-4.7124432e-05
8.61666667,4.96157616,5.00090113,5.00440427,-0.000256234315,0.000192802428,0.000329394684,0.988965837,6.42613721e-05,0.148005962,-0.00638787663,0.00231322134,0.000828507605,-0.000911341463,-4.4361758e-06,-0.00131407192,1.7014725,-0.00010737818,5.72386032e-05,-9.53089842e-05
8.63333333,4.96157189,5.00090399,5.0044097,-0.000256304919,0.000171888324,0.000325837316,0.988964753,8.21229639e-05,0.148012742,-0.00639838608,0.00230120741,0.000837427172,-0.000930867112,0.00033859618,-0.000676967001,1.70255283,-0.000101918599,0.000201667696,3.95000759e-05
8.65,4.96156771,5.00090668,5.00441536,-0.000250915993,0.00016111406,0.00033947378,0.988963629,9.98414079e-05,0.148019785,-0.00640886375,0.00228345272,0.00086930439,-0.000929670717,1.67024248e-05,-0.000593642465,1.70157874,7.9688409e-05,0.000459280442,-0.000113587429
8.66666667,4.96156353,5.0009092,5.00442099,-0.000250650166,0.000151665946,0.000337607185,0.988962414,0.000117682771,0.148027431,-0.00641947482,0.00229994706,0.00094258701,-0.000943396506,-0.00021155156,-0.000255933977,1.70075211,-0.000254646307,0.000172174047,1.88373718e-05
8.68333333,4.96155929,5.00091166,5.00442636,-0.000254017113,0.000147592631,0.000322584387,0.988961165,0.000135184962,0.1480353,-0.00643011119,0.00225997352,0.000969466093,-0.00095245437,0.00044682231,-0.000673584859,1.70199675,0.000137744036,0.000451330161,4.5097497e-05
8.7,4.96155518,5.00091395,5.00443182,-0.000246905715,0.000136872195,0.00032737071,0.988959827,0.000152855122,0.148043763,-0.00644066145,0.00227792121,0.00104155953,-0.000939328456,-0.000816283288,0.000221295416,1.70137927,-0.000104646296,0.000426907856,0.000440340771
8.71666667,4.96155085,5.00091629,5.00443719,-0.000259897267,0.000140394221,0.000322329531,0.988958408,0.000170297915,0.148052785,-0.00645065477,0.00224061362,0.001109173,-0.000877345002,0.00044413323,-0.000929146179,1.70126513,-0.000210241839,-6.52010253e-05,8.79027267e-05
8.73333333,4.96154663,5.00091838,5.00444245,-0.000252828667,0.0001256064,0.000315471661,0.988957003,0.000187448243,0.14806172,-0.00646057406,0.0022046573,0.00109834618,-0.000873743374,-0.000669085954,-0.000396814498,1.700992,-0.000480389699,0.000217948991,-7.69873935e-05
8.75,4.96154224,5.00092037,5.00444752,-0.000263477501,0.000119290901,0.000304266865,0.988955553,0.00020398172,0.148070936,-0.00647068871,0.0021347065,0.0011320686,-0.000907928623,-0.000365073507,-0.00025232304,1.70139318,3.1123807e-05,4.2745145e-05,-4.32573648e-05
8.76666667,4.96153775,5.00092229,5.00445251,-0.000269287826,0.000115275055,0.000299447006,0.988954095,0.000220564149,0.148080208,-0.006480854,0.00214137205,0.00113894524,-0.000913076409,-0.000452729402,-0.000105090033,1.7013207,-0.000169138068,0.0001403774,-6.712126e-05
8.78333333,4.96153315,5.00092418,5.0044574,-0.000276493239,0.000113602495,0.000293473606,0.988952608,0.000236936705,0.148089663,-0.00649114058,0.00211847964,0.00116095414,-0.000931227474,-9.66931394e-05,2.36210286e-05,1.70140613,3.30136664e-05,0.00030848572,-0.000187338318
8.8,4.96152851,5.00092608,5.00446222,-0.000278032158,0.000113978436,0.000288859894,0.988951058,0.000253386702,0.148099523,-0.00650166649,0.00213160949,0.0012101582,-0.000958313932,-0.000510382596,-0.00076740173,1.70177131,-0.0002407222,0.000585673242,-5.7194464e-05
8.81666667,4.96152374,5.00092778,5.00446705,-0.000286155149,0.000101764858,0.000290058233,0.988949392,0.000269527143,0.148110149,-0.0065123149,0.00209645602,0.00130288051,-0.000978466131,-1.6199423e-05,-0.000305417673,1.70198116,-0.000465945332,0.000293375107,0.000282550261
8.83333333,4.96151897,5.00092939,5.00447196,-0.000286412971,9.69039846e-05,0.000294596394,0.988947671,0.000284998396,0.148121156,-0.00652268433,0.00201178687,0.00134854475,-0.000957308727,-8.62962708e-05,-0.000405876821,1.70154539,-0.000258382722,1.01779231e-05,-5.63353323e-05
8.85,4.96151417,5.0009309,5.00447683,-0.000287786419,9.04442543e-05,0.000292199021,0.988945947,0.000300141726,0.148132173,-0.00653317842,0.00197507798,0.00134964274,-0.000977932931,-0.00033677923,-0.000326529834,1.70211396,0.000234354121,0.000342555549,-0.000201182285
8.86666667,4.96150929,5.00093232,5.00448181,-0.000293146427,8.52473706e-05,0.000298850773,0.988944154,0.000315628998,0.148143642,-0.00654389048,0.00201941827,0.00140468574,-0.000997756815,-9.13693307e-05,-0.000443465993,1.70175763,-0.00051825669,0.000225721922,0.000142992778
8.88333333,4.96150438,5.00093362,5.00448681,-0.000294600615,7.81893901e-05,0.000299831365,0.988942317,0.000330406456,0.148155402,-0.0065545169,0.00193343259,0.0014395022,-0.00100025798,-0.000373602391,-0.00026832096,1.70205037,-8.43179969e-05,0.000254595825,-5.50672646e-05
8.9,4.96149937,5.00093486,5.0044919,-0.000300546681,7.39189294e-05,0.000305471069,0.988940429,0.000345081927,0.148167496,-0.00656523222,0.00192265015,0.0014798549,-0.00101267498,0.000131419381,0.000274213146,1.70218728,-0.000279744172,0.00022136326,9.34768896e-05
8.91666667,4.96149439,5.00093616,5.00449712,-0.000298455077,7.82831672e-05,0.000313289716,0.988938498,0.000359370182,0.148179877,-0.00657588001,0.00187527233,0.00151448143,-0.00101159099,-0.000461955389,4.80617747e-05,1.70195672,-0.0004234586,1.46317237e-05,0.000196037763
8.93333333,4.9614893,5.00093748,5.00450241,-0.000305807325,7.90480941e-05,0.000317438808,0.988936566,0.000373064365,0.148192274,-0.0065863539,0.00180166783,0.00151588757,-0.00100151904,0.000612123321,-0.000399366821,1.70219731,0.000173823477,1.36727679e-05,0.000100546141
8.95,4.96148436,5.00093869,5.00450784,-0.00029606508,7.26919737e-05,0.000325417019,0.988934631,0.000386966657,0.148204691,-0.00659666175,0.00182339662,0.00151840748,-0.000978116747,0.000716642735,-0.000562428912,1.70104702,0.000193895519,-2.11560576e-05,-0.000174465188
8.96666667,4.96147962,5.00093975,5.00451309,-0.000284659357,6.37406396e-05,0.000315087903,0.988932698,0.000401157743,0.148217081,-0.00660716031,0.00186108075,0.0015154799,-0.000995609139,-0.000553450432,-0.000193670262,1.70133474,-0.000498582355,0.000158855077,2.28701803e-05
8.98333333,4.96147473,5.00094076,5.00451824,-0.000293467794,6.06582816e-05,0.000309337992,0.988930734,0.000414688995,0.148229675,-0.00661772696,0.00178382782,0.0015397096,-0.00101546059,-0.000114868939,1.68821281e-05,1.70198432,0.000126664507,0.000334506601,0.000154207442
9,4.96146981,5.00094178,5.00452348,-0.00029529599,6.0926969e-05,0.000313926467,0.988928706,0.000428353128,0.148242709,-0.00662806663,0.00179521361,0.00159318162,-0.000986234204,0.000207245201,-0.000655431747,1.70162421,-0.000341709843,3.05239567e-05,-0.000332745905
9.01666667,4.96146494,5.00094262,5.00452869,-0.00029199758,5.04954488e-05,0.000312783493,0.988926668,0.000441634225,0.148255779,-0.00663890993,0.00175868861,0.00159737858,-0.00105282387,-0.000947060642,-3.57535798e-06,1.70204076,-0.000225223723,0.000105375386,4.56522172e-05
9.03333333,4.96145982,5.00094346,5.00453399,-0.000307070518,5.04385452e-05,0.000318270215,0.988924609,0.000454610014,0.148268986,-0.0066497377,0.00172207345,0.00161366478,-0.00105643586,5.35430499e-05,-0.000398735401,1.70131985,-8.39227464e-05,0.00055425014,4.03437325e-05
9.05,4.96145472,5.0009442,5.0045392,-0.000306218354,4.40924742e-05,0.000312283339,0.988922441,0.000467462907,0.148282919,-0.00666052938,0.0017062739,0.00170168423,-0.00105446735,0.000392198548,-0.000192222227,1.70151775,-0.000150056351,6.84454701e-05,1.23873759e-05
9.06666667,4.96144972,5.00094488,5.00454436,-0.000299976321,4.10331624e-05,0.000309446013,0.98892026,0.000480115945,0.148296941,-0.00667133437,0.00168272383,0.0017122567,-0.00105961817,0.000486245937,-0.000322485976,1.70187336,-0.000185099109,0.00012240434,-6.39469216e-05
9.08333333,4.96144485,5.00094548,5.00454956,-0.000292237476,3.59006387e-05,0.00031226839,0.988918053,0.000492537703,0.148311121,-0.00668225972,0.00165729368,0.00173135378,-0.00107804552,-2.60264216e-06,-2.57313489e-05,1.70189872,-0.000267197834,0.000217776681,2.23457555e-05
9.1,4.96143998,5.00094607,5.00455482,-0.000292278898,3.54911116e-05,0.000315494412,0.988915804,0.000504602679,0.148325584,-0.00669320845,0.00161514616,0.00176543906,-0.00108722206,-2.03120661e-05,-0.000111280485,1.70153905,-0.00030310898,0.000152799262,3.18305189e-05
9.11666667,4.9614351,5.00094663,5.00456004,-0.000292602175,3.37200277e-05,0.000312996185,0.988913525,0.000516262482,0.148340245,-0.00670417516,0.00156722735,0.00178910479,-0.00109660342,0.000491518809,-5.42278129e-06,1.70242681,-0.000269654793,2.47939678e-06,-0.000151359925
9.13333333,4.96143035,5.00094719,5.00456545,-0.00028477941,3.36337214e-05,0.000324627128,0.988911243,0.000527598366,0.148354907,-0.00671539345,0.00153326577,0.00178894704,-0.00113222525,8.5876106e-05,-1.27955549e-05,1.70182627,-0.000158061063,-5.54290568e-05,-2.2986662e-05
9.15,4.96142563,5.00094775,5.00457089,-0.000283412649,3.34300738e-05,0.000326700166,0.988908972,0.000538731956,0.148369495,-0.00672667294,0.00151040845,0.00177979144,-0.00114307701,-0.000233579389,-0.000264304747,1.70155912,-4.26046162e-05,-5.23714915e-05,6.56682395e-05
9.16666667,4.96142084,5.00094824,5.0045763,-0.000287130181,2.92235331e-05,0.000324521349,0.988906711,0.000549797212,0.148384013,-0.00673787464,0.0015009694,0.001771356,-0.00113504996,-0.00023993304,-0.000175447253,1.70157608,-0.000260054338,-0.000115372818,0.000141739204
9.18333333,4.96141599,5.00094868,5.00458168,-0.000290948834,2.64312034e-05,0.000322612411,0.988904474,0.000560494522,0.148398378,-0.00674894154,0.00145502798,0.00175241663,-0.00112557452,0.000652888109,-0.000286740839,1.70189694,1.39111625e-05,-0.000259200926,-0.000180079258
9.2,4.96141132,5.00094904,5.00458711,-0.000280557797,2.18675812e-05,0.000325810082,0.988902286,0.00057124784,0.148412403,-0.00676024169,0.00146610026,0.00171122287,-0.00115219451,0.000231095962,-0.000503896081,1.70171608,2.38896252e-05,0.000155430849,-0.000148950541
9.21666667,4.9614067,5.00094927,5.00459254,-0.00027687979,1.3847826e-05,0.000326129268,0.988900066,0.000582060417,0.148426632,-0.00677173261,0.00147636669,0.00173603044,-0.00117381796,0.000135144411,-0.000723248738,1.70136107,-6.15472006e-05,9.72699451e-05,-0.000214039703
9.23333333,4.96140213,5.00094931,5.00459789,-0.0002747289,2.3369648e-06,0.000320798417,0.988897824,0.000592833532,0.148440987,-0.00678351644,0.00147679946,0.00175140638,-0.00120930688,-0.000120117537,0.000166948339,1.70119726,0.000122118883,0.000171776726,-7.38055254e-05
9.25,4.96139751,5.00094939,5.0046031,-0.00027664063,4.99403014e-06,0.000312860361,0.988895547,0.000603779799,0.148455569,-0.00679537317,0.00149846369,0.00177901702,-0.00121491691,3.13179641e-05,-0.000199271491,1.70151079,-0.000296643032,0.000223846253,3.26465546e-05
9.26666667,4.96139291,5.00094942,5.00460827,-0.000276142189,1.82252586e-06,0.000309912357,0.988893226,0.000614328553,0.148470442,-0.00680724566,0.00145133883,0.00181399268,-0.00122392628,-3.28421772e-07,-9.79628518e-05,1.7023819,-0.000313404727,0.000142381243,0.000201127872
9.28333333,4.96138831,5.00094943,5.00461362,-0.000276147416,2.6339865e-07,0.000320828418,0.988890878,0.000624425368,0.148485499,-0.00681891619,0.00139396172,0.00183594478,-0.00120804686,-0.000704757133,-0.000326089968,1.70227786,2.54924413e-05,8.32047733e-05,-2.78499917e-05
9.3,4.96138352,5.00094935,5.00461912,-0.000287363975,-4.92648438e-06,0.000330088676,0.988888514,0.000634560349,0.148500665,-0.00683061829,0.00139896527,0.00184924496,-0.00121113557,-0.000345503705,-0.000817412219,1.70254702,-0.000227382356,0.000106134507,0.000243439447
9.31666667,4.96137864,5.00094905,5.00462484,-0.000292862837,-1.79360039e-05,0.000343632795,0.98888613,0.000644348198,0.148515968,-0.00684204598,0.00135277105,0.00186560952,-0.00118478375,0.000481729979,-0.000738829206,1.7008447,-0.000289753607,8.10025932e-05,4.74011742e-05
9.33333333,4.96137389,5.00094855,5.00463035,-0.000285195866,-2.96948359e-05,0.00033008357,0.988883731,0.000653745948,0.148531375,-0.00685346864,0.001306306,0.00187786168,-0.00119116025,0.000273454755,9.77168067e-05,1.70217176,-0.000134448439,-0.000225569121,0.000187398569
9.35,4.96136921,5.00094808,5.00463597,-0.000280843698,-2.81396246e-05,0.000337655195,0.988881378,0.000662932495,0.148546484,-0.0068646718,0.00127757188,0.00184164828,-0.00116881709,0.00196552214,-0.00038370179,1.70179231,-0.000371748034,5.84283517e-05,7.34525564e-05
9.36666667,4.96136505,5.00094751,5.00464163,-0.000249561442,-3.42464283e-05,0.000339187609,0.988879013,0.000671616475,0.148561667,-0.00687585192,0.00121746399,0.00185012312,-0.00117505552,0.000498395499,-0.00047472334,1.70208555,-0.000253900951,0.000163775326,-0.000128572462
9.38333333,4.96136102,5.00094682,5.00464738,-0.000241629231,-4.18018849e-05,0.000345387209,0.988876615,0.000679991293,0.148577063,-0.00688725083,0.00118450528,0.00187564333,-0.0012065758,0.000278682053,-0.000315361965,1.70157961,-0.000376731261,6.88742385e-05,-0.000132767443
9.4,4.96135707,5.00094604,5.00465311,-0.000237193869,-4.68210265e-05,0.000343534535,0.988874202,0.000687897546,0.148592545,-0.00689889817,0.00113326181,0.00188578995,-0.00124442884,0.000153085128,-9.83932705e-05,1.70208264,-0.000292379212,0.000253171539,-0.000176982551
9.41666667,4.96135315,5.00094523,5.00465894,-0.000234757443,-4.8387004e-05,0.000349687765,0.988871737,0.000695452896,0.148608356,-0.00691083548,0.00109652415,0.00192545458,-0.00128516481,-0.000390920716,-0.000370102597,1.70183004,-0.000161842586,0.000144955385,-0.00017402021
9.43333333,4.96134914,5.00094432,5.0046648,-0.00024097914,-5.42773698e-05,0.00035182072,0.988869242,0.000702828955,0.148624356,-0.00692303305,0.00107973614,0.00194818413,-0.00131928705,-0.000456479976,6.49132183e-05,1.70129652,0.000153230154,0.000265964076,0.000114704183
9.45,4.961345,5.00094344,5.00467056,-0.000248244244,-5.32442438e-05,0.000345462431,0.988866695,0.000710380926,0.148640706,-0.00693505022,0.00109710674,0.00199083634,-0.00129481561,-8.54708856e-05,-0.000408486708,1.70156912,-0.000242348866,0.000354623309,-5.42195072e-05
9.46666667,4.96134084,5.00094244,5.00467628,-0.000249604555,-5.97455117e-05,0.000343442738,0.988864078,0.000717622478,0.148657518,-0.00694718661,0.00106201847,0.0020467394,-0.00131459765,0.000157425258,-0.000512442242,1.70060018,-0.000225268712,0.00012793224,1.54585912e-05
9.48333333,4.96133672,5.00094131,5.00468172,-0.000247099055,-6.79012833e-05,0.00032600182,0.988861434,0.000724564358,0.148674497,-0.00695934726,0.00102675515,0.00206659662,-0.0013228575,2.92421445e-05,-0.000392193373,1.7018333,-0.000273593715,0.000217592671,0.000119513434
9.5,4.96133261,5.00094007,5.00468719,-0.000246633651,-7.41432347e-05,0.000328186764,0.988858749,0.000731121839,0.148691758,-0.00697140532,0.000979078266,0.00210060337,-0.0013176016,0.000327390401,-0.000245135353,1.70151597,-0.000263071169,8.07549054e-05,0.000254075157
9.51666667,4.96132859,5.00093877,5.00469261,-0.000241423071,-7.8044685e-05,0.000325321116,0.98885605,0.000737283446,0.148709123,-0.00698318211,0.00092699841,0.00211284292,-0.00129130965,-0.00014840129,5.34854722e-05,1.70132982,-3.40901529e-05,-0.000243381862,0.00015335132
9.53333333,4.96132452,5.00093749,5.00469793,-0.000243784951,-7.71934373e-05,0.000319492929,0.9888534,0.000743372352,0.148726168,-0.00699476426,0.00091516143,0.00207402008,-0.00126944124,-0.000105584288,-0.000477632269,1.70186626,-0.00044635382,-2.87273713e-05,-0.000218479426
9.55,4.96132043,5.00093607,5.0047033,-0.000245465377,-8.47951909e-05,0.000322202356,0.988850754,0.000748919223,0.148743171,-0.00700672096,0.00085756202,0.00206847122,-0.00132355333,-0.000385019428,0.000145663337,1.70242503,-1.09269815e-05,-1.70638455e-05,0.000181521865
9.56666667,4.96131624,5.0009347,5.00470887,-0.000251593152,-8.24768869e-05,0.000333804861,0.988848112,0.000754416112,0.148760152,-0.00701844174,0.000847438195,0.00206571378,-0.00129644351,0.000537239848,-0.000429532933,1.70089258,-0.000120608515,0.000246203341,-6.53209827e-05
9.58333333,4.96131219,5.00093321,5.00471422,-0.000243042714,-8.93131159e-05,0.00032101767,0.988845421,0.000759765418,0.148777455,-0.00703027221,0.000831617805,0.00210462981,-0.00131216695,0.000648306146,-0.000183152074,1.70166267,-0.000189106359,-0.000175007031,-6.76292264e-05
9.6,4.96130831,5.00093167,5.00471956,-0.000232724601,-9.22280717e-05,0.000320486943,0.988842764,0.000764881688,0.148794526,-0.00704222852,0.000806404051,0.00207636043,-0.00133120921,-8.38607813e-05,-0.000773453539,1.7007282,-0.000406773124,3.63340921e-05,-6.28645593e-05
9.61666667,4.96130441,5.00092993,5.00472464,-0.000234059287,-0.000104537967,0.000305083588,0.988840098,0.000769476544,0.148811641,-0.00705434759,0.000747402285,0.00208123205,-0.00135984249,-0.000316229858,-0.000521369093,1.70203801,-0.000218805441,-5.0290944e-05,-4.99072173e-05
9.63333333,4.96130042,5.00092805,5.00472982,-0.000239092242,-0.000112835814,0.000310526507,0.988837442,0.000773794759,0.148828688,-0.00706657524,0.000716571684,0.00207273958,-0.00137765307,0.000183169043,-0.000823412642,1.70181388,9.4976986e-06,0.000256194764,-0.00013833358
9.65,4.96129649,5.00092595,5.00473502,-0.000236177016,-0.000125940833,0.00031240223,0.988834733,0.000778150334,0.14884607,-0.00707898269,0.000723936178,0.00211354421,-0.00139839745,-7.52462169e-05,-0.000151618468,1.70210651,-0.000455340038,6.68469252e-05,-0.000114360496
9.66666667,4.96129253,5.00092381,5.00474034,-0.000237374597,-0.000128353916,0.000318935371,0.988832011,0.000781930687,0.148863536,-0.00709163008,0.000659896504,0.00212316114,-0.00143716272,0.000706443367,-9.10724047e-05,1.70217956,-0.000565253892,-1.53747766e-05,-5.9110533e-05
9.68333333,4.96128876,5.00092165,5.00474578,-0.000226131201,-0.000129803378,0.000326631193,0.98882929,0.000784981536,0.148880976,-0.00710446658,0.000576733332,0.00211943707,-0.00147262882,0.000515630147,0.000412111971,1.70161949,-0.000233776796,7.71200036e-05,-2.47470366e-05
9.7,4.96128513,5.00091959,5.00475121,-0.000217924692,-0.000123244413,0.000325413127,0.988826554,0.000787729952,0.148898515,-0.00711738177,0.000542169899,0.00213118061,-0.00148739242,0.000165702836,-0.000216172068,1.70156617,-0.000578893915,-5.03504787e-05,6.86580207e-05
9.71666667,4.96128154,5.00091748,5.0047566,-0.00021528745,-0.000126684898,0.000323346457,0.988823829,0.000789706081,0.148915983,-0.00713032118,0.000451023808,0.0021218433,-0.00150404981,0.000609277655,1.43255272e-05,1.70186188,-0.000328370029,0.00017550902,0.000161093984
9.73333333,4.96127812,5.00091538,5.00476203,-0.000205590495,-0.0001264569,0.000325986141,0.988821071,0.000791218086,0.148933678,-0.00714311436,0.000393146963,0.0021490099,-0.00149504168,-0.000236038439,-0.000297352425,1.70162079,-0.000180710665,0.000138681255,0.00020590718
9.75,4.96127463,5.00091319,5.00476744,-0.000209347163,-0.000131189411,0.000324788841,0.988818286,0.000792451109,0.148951553,-0.00715567334,0.000355705513,0.00217064791,-0.00147227675,0.000101998727,-4.84372272e-06,1.70103811,-3.85668105e-05,-0.000161210125,0.000302078928
9.76666667,4.96127116,5.000911,5.00477268,-0.000207723803,-0.000131266501,0.00031431788,0.988815536,0.000793575405,0.148969216,-0.00716784359,0.000336034649,0.00214487773,-0.00142804594,0.000799671696,-0.000667813252,1.70109608,-0.000311515199,-0.000258169812,-0.000215604603
9.78333333,4.96126791,5.00090864,5.00477776,-0.000194996633,-0.000141895079,0.00030476953,0.988812835,0.000794336215,0.148986538,-0.00718035788,0.000299343465,0.0021030979,-0.00147529096,-0.000161305245,-0.000457785699,1.70084363,-0.000411806937,1.94738096e-05,-3.74839794e-05
9.8,4.96126462,5.00090615,5.00478261,-0.000197563886,-0.000149180965,0.00029120331,0.98881013,0.00079456418,0.149003881,-0.00719300272,0.000238433285,0.00210525412,-0.00150031363,3.34372782e-05,-0.000587093355,1.70182795,-0.000328488628,-5.56481093e-05,-0.000121096107
9.81666667,4.96126134,5.00090351,5.0047875,-0.000197031715,-0.000158524846,0.000293302988,0.988807434,0.000794385811,0.149021148,-0.00720587122,0.000194282946,0.00209565334,-0.00153410303,-0.000249845782,-0.000531025448,1.70189916,-0.000234500458,0.000200444476,-0.000139243923
9.83333333,4.96125799,5.00090072,5.00479244,-0.000201008134,-0.000166976378,0.000296535974,0.988804697,0.000793925511,0.149038675,-0.00721896889,0.000164706841,0.0021270238,-0.00156639728,-6.48370446e-05,-0.000314811003,1.70195662,-0.000506760889,-0.000214912931,8.37880453e-05
9.85,4.96125462,5.00089786,5.00479746,-0.000202040047,-0.000171986751,0.000300683471,0.988802004,0.000792786119,0.149055916,-0.00723205661,8.4194404e-05,0.00209164468,-0.00157729804,-0.000236847858,-0.000959148605,1.70203573,-7.83449292e-05,-0.000132973222,7.76373195e-05
9.86666667,4.96125119,5.00089474,5.00480256,-0.000205809598,-0.000187252075,0.000306090127,0.988799337,0.000791529908,0.149072981,-0.00724505787,6.89359974e-05,0.00207029502,-0.00156908733,0.000156358922,-0.000469468504,1.70142236,-0.000190375052,-0.000199312729,-9.45903107e-05
9.88333333,4.9612478,5.00089149,5.00480759,-0.000203321069,-0.000194723898,0.000301734757,0.988796708,0.00079004465,0.149089783,-0.0072582206,4.48720653e-05,0.00203814447,-0.00159228658,-0.000108872583,-0.000456373895,1.70186465,0.000189234148,8.57345083e-06,0.000151697789
9.9,4.96124438,5.00088813,5.00481266,-0.00020505383,-0.000201987315,0.000304418504,0.988794079,0.000788777481,0.149106598,-0.00727114697,6.65095784e-05,0.0020399337,-0.00156034207,-0.000231828617,-9.04661075e-05,1.70179714,-5.93442289e-05,0.000329692295,0.000273782279
9.91666667,4.96124091,5.00088474,5.00481776,-0.000208743497,-0.000203427127,0.0003060279,0.988791387,0.000787375163,0.149123845,-0.00728372638,4.38942817e-05,0.0020922357,-0.00152168641,0.000998435688,-0.000650178854,1.70127526,-0.000396673178,-0.000240516777,-0.00029007287
9.93333333,4.96123769,5.00088117,5.00482275,-0.000192852899,-0.000213775045,0.000299331325,0.988788739,0.000785512332,0.149140773,-0.0072967644,-2.26599264e-06,0.00205306458,-0.00158427418,-6.94375826e-05,-0.000479983846,1.70132954,-0.000146806707,-0.000114012885,-8.02668517e-05
9.95,4.96123446,5.00087748,5.00482764,-0.000193958033,-0.000221414225,0.000293498655,0.988786113,0.000783473955,0.14915755,-0.0073099366,-2.05635809e-05,0.00203458615,-0.001603304,-6.86530489e-05,-0.000454457472,1.70206255,-0.000167439399,0.000285924924,4.2493548e-05
9.96666667,4.96123121,5.00087367,5.00483263,-0.00019505068,-0.000228647141,0.000299332071,0.98878343,0.000781204817,0.149174699,-0.00732308648,-4.86659534e-05,0.00207969186,-0.00160487191,-1.42629605e-05,-3.88491354e-05,1.70178541,-0.000186914125,-0.000138383872,0.000176515391
9.98333333,4.96122795,5.00086985,5.00483764,-0.000195277682,-0.000229265444,0.00030075476,0.988780776,0.000778656977,0.149191666,-0.00733604172,-8.506119e-05,0.00205721405,-0.00158672232,0.000511972801,-0.000352393815,1.70199176,-5.57221303e-05,-0.000134302769,-6.09822655e-05
10,4.96122483,5.00086594,5.00484273,-0.000187129382,-0.000234873966,0.000305461547,0.988778148,0.000776049436,0.149208456,-0.00734908781,-9.03651489e-05,0.00203571701,-0.00159853258,-0.000431890433,-0.000718610921,1.70118834,-0.000253942984,-0.000126758435,-3.27837372e-05
